Start date;End date;grid load [MWh] Calculated resolutions;Grid load incl. hydro pumped storage [MWh] Calculated resolutions;Hydro pumped storage [MWh] Calculated resolutions;Residual load [MWh] Calculated resolutions
Apr 1, 2025 12:00 AM;Apr 1, 2025 1:00 AM;46,679.50;47,257.25;577.75;39,178.00
Apr 1, 2025 1:00 AM;Apr 1, 2025 2:00 AM;44,634.00;45,269.75;635.75;37,517.00
Apr 1, 2025 2:00 AM;Apr 1, 2025 3:00 AM;43,877.25;45,003.00;1,125.75;37,002.75
Apr 1, 2025 3:00 AM;Apr 1, 2025 4:00 AM;44,109.75;45,021.25;911.50;37,156.00
Apr 1, 2025 4:00 AM;Apr 1, 2025 5:00 AM;45,956.50;46,674.00;717.50;38,393.00
Apr 1, 2025 5:00 AM;Apr 1, 2025 6:00 AM;50,106.00;50,570.25;464.25;41,657.50
Apr 1, 2025 6:00 AM;Apr 1, 2025 7:00 AM;57,448.25;57,483.50;35.25;48,127.25
Apr 1, 2025 7:00 AM;Apr 1, 2025 8:00 AM;62,027.50;62,027.50;0.00;50,543.00
Apr 1, 2025 8:00 AM;Apr 1, 2025 9:00 AM;64,316.00;64,404.75;88.75;46,973.50
Apr 1, 2025 9:00 AM;Apr 1, 2025 10:00 AM;64,568.00;64,697.00;129.00;39,435.00
Apr 1, 2025 10:00 AM;Apr 1, 2025 11:00 AM;63,056.50;64,393.25;1,336.75;27,791.75
Apr 1, 2025 11:00 AM;Apr 1, 2025 12:00 PM;63,483.00;67,226.25;3,743.25;20,562.25
Apr 1, 2025 12:00 PM;Apr 1, 2025 1:00 PM;62,051.75;66,051.75;4,000.00;15,775.50
Apr 1, 2025 1:00 PM;Apr 1, 2025 2:00 PM;61,118.00;64,922.00;3,804.00;13,755.25
Apr 1, 2025 2:00 PM;Apr 1, 2025 3:00 PM;59,345.25;64,091.25;4,746.00;12,541.25
Apr 1, 2025 3:00 PM;Apr 1, 2025 4:00 PM;57,612.00;62,398.25;4,786.25;13,374.25
Apr 1, 2025 4:00 PM;Apr 1, 2025 5:00 PM;56,541.75;61,214.25;4,672.50;16,617.00
Apr 1, 2025 5:00 PM;Apr 1, 2025 6:00 PM;57,235.75;59,235.50;1,999.75;23,956.00
Apr 1, 2025 6:00 PM;Apr 1, 2025 7:00 PM;59,619.00;60,120.00;501.00;36,061.50
Apr 1, 2025 7:00 PM;Apr 1, 2025 8:00 PM;60,108.00;60,135.50;27.50;42,111.75
Apr 1, 2025 8:00 PM;Apr 1, 2025 9:00 PM;59,790.00;59,809.75;19.75;39,957.50
Apr 1, 2025 9:00 PM;Apr 1, 2025 10:00 PM;57,216.00;57,410.25;194.25;33,795.25
Apr 1, 2025 10:00 PM;Apr 1, 2025 11:00 PM;53,174.00;53,493.75;319.75;28,431.50
Apr 1, 2025 11:00 PM;Apr 2, 2025 12:00 AM;48,826.25;49,773.00;946.75;23,585.50
Apr 2, 2025 12:00 AM;Apr 2, 2025 1:00 AM;45,719.50;47,144.75;1,425.25;21,226.50
Apr 2, 2025 1:00 AM;Apr 2, 2025 2:00 AM;43,933.50;45,787.00;1,853.50;20,921.50
Apr 2, 2025 2:00 AM;Apr 2, 2025 3:00 AM;43,296.00;45,768.75;2,472.75;21,340.00
Apr 2, 2025 3:00 AM;Apr 2, 2025 4:00 AM;43,676.00;45,198.00;1,522.00;22,164.75
Apr 2, 2025 4:00 AM;Apr 2, 2025 5:00 AM;44,898.00;45,547.75;649.75;23,807.75
Apr 2, 2025 5:00 AM;Apr 2, 2025 6:00 AM;48,993.50;49,143.50;150.00;28,181.75
Apr 2, 2025 6:00 AM;Apr 2, 2025 7:00 AM;56,321.00;56,344.00;23.00;35,089.25
Apr 2, 2025 7:00 AM;Apr 2, 2025 8:00 AM;60,837.75;60,837.75;0.00;38,180.50
Apr 2, 2025 8:00 AM;Apr 2, 2025 9:00 AM;63,138.25;63,138.75;0.50;35,264.25
Apr 2, 2025 9:00 AM;Apr 2, 2025 10:00 AM;63,273.50;64,126.50;853.00;26,999.00
Apr 2, 2025 10:00 AM;Apr 2, 2025 11:00 AM;61,522.00;65,007.00;3,485.00;15,646.50
Apr 2, 2025 11:00 AM;Apr 2, 2025 12:00 PM;60,809.00;65,667.50;4,858.50;8,772.25
Apr 2, 2025 12:00 PM;Apr 2, 2025 1:00 PM;59,657.75;64,330.00;4,672.25;7,755.25
Apr 2, 2025 1:00 PM;Apr 2, 2025 2:00 PM;58,486.25;63,226.75;4,740.50;6,949.50
Apr 2, 2025 2:00 PM;Apr 2, 2025 3:00 PM;56,692.75;62,160.00;5,467.25;3,606.00
Apr 2, 2025 3:00 PM;Apr 2, 2025 4:00 PM;56,361.75;61,713.25;5,351.50;3,034.50
Apr 2, 2025 4:00 PM;Apr 2, 2025 5:00 PM;56,163.00;61,516.75;5,353.75;5,764.00
Apr 2, 2025 5:00 PM;Apr 2, 2025 6:00 PM;57,423.50;61,536.00;4,112.50;12,150.75
Apr 2, 2025 6:00 PM;Apr 2, 2025 7:00 PM;58,823.00;59,947.50;1,124.50;22,116.00
Apr 2, 2025 7:00 PM;Apr 2, 2025 8:00 PM;59,304.75;59,311.75;7.00;28,729.25
Apr 2, 2025 8:00 PM;Apr 2, 2025 9:00 PM;59,239.00;59,262.00;23.00;27,934.00
Apr 2, 2025 9:00 PM;Apr 2, 2025 10:00 PM;56,511.25;56,670.50;159.25;23,688.50
Apr 2, 2025 10:00 PM;Apr 2, 2025 11:00 PM;52,724.75;52,951.50;226.75;20,988.75
Apr 2, 2025 11:00 PM;Apr 3, 2025 12:00 AM;49,259.00;50,003.50;744.50;18,514.00
Apr 3, 2025 12:00 AM;Apr 3, 2025 1:00 AM;45,614.75;47,972.75;2,358.00;16,863.50
Apr 3, 2025 1:00 AM;Apr 3, 2025 2:00 AM;44,310.00;47,448.25;3,138.25;17,739.00
Apr 3, 2025 2:00 AM;Apr 3, 2025 3:00 AM;43,064.50;45,641.75;2,577.25;18,792.75
Apr 3, 2025 3:00 AM;Apr 3, 2025 4:00 AM;42,802.00;44,275.25;1,473.25;20,463.75
Apr 3, 2025 4:00 AM;Apr 3, 2025 5:00 AM;44,545.25;45,105.50;560.25;23,297.50
Apr 3, 2025 5:00 AM;Apr 3, 2025 6:00 AM;48,441.00;48,564.25;123.25;27,974.25
Apr 3, 2025 6:00 AM;Apr 3, 2025 7:00 AM;55,122.75;55,123.25;0.50;35,468.50
Apr 3, 2025 7:00 AM;Apr 3, 2025 8:00 AM;59,429.00;59,429.00;0.00;38,967.00
Apr 3, 2025 8:00 AM;Apr 3, 2025 9:00 AM;62,297.50;62,339.50;42.00;35,931.50
Apr 3, 2025 9:00 AM;Apr 3, 2025 10:00 AM;62,676.00;63,298.00;622.00;28,639.00
Apr 3, 2025 10:00 AM;Apr 3, 2025 11:00 AM;61,779.00;64,526.50;2,747.50;19,053.75
Apr 3, 2025 11:00 AM;Apr 3, 2025 12:00 PM;60,814.00;64,909.75;4,095.75;11,603.50
Apr 3, 2025 12:00 PM;Apr 3, 2025 1:00 PM;58,650.50;63,475.75;4,825.25;5,464.50
Apr 3, 2025 1:00 PM;Apr 3, 2025 2:00 PM;56,992.25;61,548.75;4,556.50;4,311.75
Apr 3, 2025 2:00 PM;Apr 3, 2025 3:00 PM;55,534.50;60,955.00;5,420.50;4,165.75
Apr 3, 2025 3:00 PM;Apr 3, 2025 4:00 PM;54,794.50;60,079.25;5,284.75;6,666.75
Apr 3, 2025 4:00 PM;Apr 3, 2025 5:00 PM;54,549.25;59,560.50;5,011.25;13,847.00
Apr 3, 2025 5:00 PM;Apr 3, 2025 6:00 PM;55,221.75;57,307.75;2,086.00;26,184.50
Apr 3, 2025 6:00 PM;Apr 3, 2025 7:00 PM;57,910.75;58,202.50;291.75;41,853.50
Apr 3, 2025 7:00 PM;Apr 3, 2025 8:00 PM;59,364.00;59,366.00;2.00;50,386.25
Apr 3, 2025 8:00 PM;Apr 3, 2025 9:00 PM;58,950.50;58,952.75;2.25;48,520.25
Apr 3, 2025 9:00 PM;Apr 3, 2025 10:00 PM;55,777.25;55,920.00;142.75;43,138.25
Apr 3, 2025 10:00 PM;Apr 3, 2025 11:00 PM;51,894.25;52,166.25;272.00;38,947.00
Apr 3, 2025 11:00 PM;Apr 4, 2025 12:00 AM;47,906.75;48,453.75;547.00;35,743.00
Apr 4, 2025 12:00 AM;Apr 4, 2025 1:00 AM;44,844.50;45,595.50;751.00;34,297.25
Apr 4, 2025 1:00 AM;Apr 4, 2025 2:00 AM;43,132.00;43,474.00;342.00;34,596.00
Apr 4, 2025 2:00 AM;Apr 4, 2025 3:00 AM;42,304.00;42,438.50;134.50;35,521.75
Apr 4, 2025 3:00 AM;Apr 4, 2025 4:00 AM;42,581.00;42,698.25;117.25;37,016.75
Apr 4, 2025 4:00 AM;Apr 4, 2025 5:00 AM;44,244.00;44,301.50;57.50;39,519.75
Apr 4, 2025 5:00 AM;Apr 4, 2025 6:00 AM;48,135.50;48,169.25;33.75;43,941.75
Apr 4, 2025 6:00 AM;Apr 4, 2025 7:00 AM;55,263.50;55,266.00;2.50;50,983.00
Apr 4, 2025 7:00 AM;Apr 4, 2025 8:00 AM;59,444.50;59,445.50;1.00;52,112.75
Apr 4, 2025 8:00 AM;Apr 4, 2025 9:00 AM;62,401.75;62,537.00;135.25;45,380.00
Apr 4, 2025 9:00 AM;Apr 4, 2025 10:00 AM;61,635.50;62,583.25;947.75;33,001.25
Apr 4, 2025 10:00 AM;Apr 4, 2025 11:00 AM;60,312.00;63,334.75;3,022.75;22,182.00
Apr 4, 2025 11:00 AM;Apr 4, 2025 12:00 PM;59,498.50;63,623.00;4,124.50;13,241.25
Apr 4, 2025 12:00 PM;Apr 4, 2025 1:00 PM;57,594.00;62,567.25;4,973.25;7,348.75
Apr 4, 2025 1:00 PM;Apr 4, 2025 2:00 PM;56,108.00;61,040.00;4,932.00;6,220.75
Apr 4, 2025 2:00 PM;Apr 4, 2025 3:00 PM;53,719.25;59,724.25;6,005.00;6,423.50
Apr 4, 2025 3:00 PM;Apr 4, 2025 4:00 PM;52,745.25;58,661.50;5,916.25;9,158.50
Apr 4, 2025 4:00 PM;Apr 4, 2025 5:00 PM;52,837.50;57,610.75;4,773.25;15,979.75
Apr 4, 2025 5:00 PM;Apr 4, 2025 6:00 PM;53,593.75;55,523.00;1,929.25;26,366.75
Apr 4, 2025 6:00 PM;Apr 4, 2025 7:00 PM;56,222.75;56,484.50;261.75;39,403.75
Apr 4, 2025 7:00 PM;Apr 4, 2025 8:00 PM;56,917.00;56,920.00;3.00;46,445.00
Apr 4, 2025 8:00 PM;Apr 4, 2025 9:00 PM;56,326.75;56,329.75;3.00;45,509.00
Apr 4, 2025 9:00 PM;Apr 4, 2025 10:00 PM;52,495.00;52,520.75;25.75;39,819.50
Apr 4, 2025 10:00 PM;Apr 4, 2025 11:00 PM;49,053.50;49,137.00;83.50;35,304.75
Apr 4, 2025 11:00 PM;Apr 5, 2025 12:00 AM;45,674.75;45,749.25;74.50;31,369.25
Apr 5, 2025 12:00 AM;Apr 5, 2025 1:00 AM;43,140.00;43,223.50;83.50;29,712.00
Apr 5, 2025 1:00 AM;Apr 5, 2025 2:00 AM;40,693.50;40,713.50;20.00;28,402.75
Apr 5, 2025 2:00 AM;Apr 5, 2025 3:00 AM;40,013.50;40,176.50;163.00;28,015.50
Apr 5, 2025 3:00 AM;Apr 5, 2025 4:00 AM;39,906.75;39,975.25;68.50;27,185.25
Apr 5, 2025 4:00 AM;Apr 5, 2025 5:00 AM;40,591.50;40,743.75;152.25;26,578.00
Apr 5, 2025 5:00 AM;Apr 5, 2025 6:00 AM;42,485.50;42,622.50;137.00;27,753.25
Apr 5, 2025 6:00 AM;Apr 5, 2025 7:00 AM;44,033.50;44,089.75;56.25;28,568.00
Apr 5, 2025 7:00 AM;Apr 5, 2025 8:00 AM;47,049.25;47,197.00;147.75;28,996.75
Apr 5, 2025 8:00 AM;Apr 5, 2025 9:00 AM;50,059.75;50,533.25;473.50;24,642.50
Apr 5, 2025 9:00 AM;Apr 5, 2025 10:00 AM;52,720.75;55,830.25;3,109.50;16,677.25
Apr 5, 2025 10:00 AM;Apr 5, 2025 11:00 AM;52,264.75;56,776.50;4,511.75;6,913.25
Apr 5, 2025 11:00 AM;Apr 5, 2025 12:00 PM;50,492.00;55,254.75;4,762.75;878.50
Apr 5, 2025 12:00 PM;Apr 5, 2025 1:00 PM;48,501.50;53,816.25;5,314.75;-1,108.00
Apr 5, 2025 1:00 PM;Apr 5, 2025 2:00 PM;46,024.75;51,669.25;5,644.50;-1,219.50
Apr 5, 2025 2:00 PM;Apr 5, 2025 3:00 PM;44,289.25;49,956.00;5,666.75;200.75
Apr 5, 2025 3:00 PM;Apr 5, 2025 4:00 PM;44,373.25;50,165.25;5,792.00;2,307.50
Apr 5, 2025 4:00 PM;Apr 5, 2025 5:00 PM;45,144.75;50,511.25;5,366.50;4,710.25
Apr 5, 2025 5:00 PM;Apr 5, 2025 6:00 PM;47,323.75;51,893.50;4,569.75;8,554.50
Apr 5, 2025 6:00 PM;Apr 5, 2025 7:00 PM;49,363.50;50,972.50;1,609.00;14,422.25
Apr 5, 2025 7:00 PM;Apr 5, 2025 8:00 PM;49,684.75;49,760.25;75.50;20,557.25
Apr 5, 2025 8:00 PM;Apr 5, 2025 9:00 PM;49,049.25;49,069.75;20.50;20,866.25
Apr 5, 2025 9:00 PM;Apr 5, 2025 10:00 PM;47,444.75;47,618.00;173.25;18,296.75
Apr 5, 2025 10:00 PM;Apr 5, 2025 11:00 PM;45,360.75;45,511.25;150.50;17,829.75
Apr 5, 2025 11:00 PM;Apr 6, 2025 12:00 AM;42,782.00;43,002.50;220.50;16,596.00
Apr 6, 2025 12:00 AM;Apr 6, 2025 1:00 AM;39,864.75;40,727.25;862.50;14,881.25
Apr 6, 2025 1:00 AM;Apr 6, 2025 2:00 AM;38,255.25;39,882.00;1,626.75;15,606.75
Apr 6, 2025 2:00 AM;Apr 6, 2025 3:00 AM;37,367.25;38,642.25;1,275.00;17,089.50
Apr 6, 2025 3:00 AM;Apr 6, 2025 4:00 AM;37,738.75;38,196.75;458.00;19,628.50
Apr 6, 2025 4:00 AM;Apr 6, 2025 5:00 AM;38,092.75;38,435.25;342.50;21,859.75
Apr 6, 2025 5:00 AM;Apr 6, 2025 6:00 AM;38,417.75;38,524.25;106.50;23,114.75
Apr 6, 2025 6:00 AM;Apr 6, 2025 7:00 AM;39,090.25;39,240.75;150.50;23,718.00
Apr 6, 2025 7:00 AM;Apr 6, 2025 8:00 AM;41,351.50;41,798.50;447.00;23,833.25
Apr 6, 2025 8:00 AM;Apr 6, 2025 9:00 AM;44,168.75;45,964.00;1,795.25;18,189.00
Apr 6, 2025 9:00 AM;Apr 6, 2025 10:00 AM;47,227.50;50,735.75;3,508.25;9,307.00
Apr 6, 2025 10:00 AM;Apr 6, 2025 11:00 AM;47,712.00;51,646.00;3,934.00;1,970.75
Apr 6, 2025 11:00 AM;Apr 6, 2025 12:00 PM;47,927.75;52,797.00;4,869.25;-544.75
Apr 6, 2025 12:00 PM;Apr 6, 2025 1:00 PM;46,925.75;52,411.25;5,485.50;-541.00
Apr 6, 2025 1:00 PM;Apr 6, 2025 2:00 PM;44,488.50;50,202.25;5,713.75;-683.75
Apr 6, 2025 2:00 PM;Apr 6, 2025 3:00 PM;42,720.25;48,568.75;5,848.50;321.75
Apr 6, 2025 3:00 PM;Apr 6, 2025 4:00 PM;41,803.75;47,481.25;5,677.50;2,585.75
Apr 6, 2025 4:00 PM;Apr 6, 2025 5:00 PM;42,729.00;47,706.75;4,977.75;5,912.00
Apr 6, 2025 5:00 PM;Apr 6, 2025 6:00 PM;46,099.25;49,717.75;3,618.50;15,333.00
Apr 6, 2025 6:00 PM;Apr 6, 2025 7:00 PM;48,352.00;49,194.25;842.25;29,289.75
Apr 6, 2025 7:00 PM;Apr 6, 2025 8:00 PM;49,783.25;49,856.00;72.75;39,188.25
Apr 6, 2025 8:00 PM;Apr 6, 2025 9:00 PM;50,472.00;50,474.25;2.25;39,533.50
Apr 6, 2025 9:00 PM;Apr 6, 2025 10:00 PM;49,368.50;49,845.75;477.25;36,370.50
Apr 6, 2025 10:00 PM;Apr 6, 2025 11:00 PM;47,939.50;48,376.00;436.50;35,026.25
Apr 6, 2025 11:00 PM;Apr 7, 2025 12:00 AM;45,290.00;45,826.25;536.25;33,273.00
Apr 7, 2025 12:00 AM;Apr 7, 2025 1:00 AM;42,904.75;43,614.75;710.00;32,162.25
Apr 7, 2025 1:00 AM;Apr 7, 2025 2:00 AM;41,779.25;42,938.25;1,159.00;31,686.50
Apr 7, 2025 2:00 AM;Apr 7, 2025 3:00 AM;41,612.50;43,401.25;1,788.75;31,981.00
Apr 7, 2025 3:00 AM;Apr 7, 2025 4:00 AM;42,380.25;43,587.00;1,206.75;33,307.50
Apr 7, 2025 4:00 AM;Apr 7, 2025 5:00 AM;43,756.25;44,361.00;604.75;34,932.25
Apr 7, 2025 5:00 AM;Apr 7, 2025 6:00 AM;48,441.00;48,639.75;198.75;39,360.50
Apr 7, 2025 6:00 AM;Apr 7, 2025 7:00 AM;56,367.75;56,398.50;30.75;46,694.25
Apr 7, 2025 7:00 AM;Apr 7, 2025 8:00 AM;60,409.50;60,412.50;3.00;47,785.75
Apr 7, 2025 8:00 AM;Apr 7, 2025 9:00 AM;62,912.25;62,914.75;2.50;42,729.50
Apr 7, 2025 9:00 AM;Apr 7, 2025 10:00 AM;62,935.00;63,079.75;144.75;32,486.00
Apr 7, 2025 10:00 AM;Apr 7, 2025 11:00 AM;61,784.00;64,458.25;2,674.25;20,380.75
Apr 7, 2025 11:00 AM;Apr 7, 2025 12:00 PM;61,277.75;65,873.00;4,595.25;12,126.25
Apr 7, 2025 12:00 PM;Apr 7, 2025 1:00 PM;59,148.25;63,663.50;4,515.25;6,358.25
Apr 7, 2025 1:00 PM;Apr 7, 2025 2:00 PM;57,162.75;61,618.75;4,456.00;5,459.50
Apr 7, 2025 2:00 PM;Apr 7, 2025 3:00 PM;55,439.00;60,653.25;5,214.25;6,695.50
Apr 7, 2025 3:00 PM;Apr 7, 2025 4:00 PM;54,836.50;59,783.00;4,946.50;10,070.75
Apr 7, 2025 4:00 PM;Apr 7, 2025 5:00 PM;54,379.50;57,926.25;3,546.75;16,491.75
Apr 7, 2025 5:00 PM;Apr 7, 2025 6:00 PM;55,387.75;57,051.75;1,664.00;27,888.25
Apr 7, 2025 6:00 PM;Apr 7, 2025 7:00 PM;57,839.50;58,394.25;554.75;42,203.25
Apr 7, 2025 7:00 PM;Apr 7, 2025 8:00 PM;58,878.50;58,916.75;38.25;51,399.25
Apr 7, 2025 8:00 PM;Apr 7, 2025 9:00 PM;58,198.75;58,201.75;3.00;51,919.75
Apr 7, 2025 9:00 PM;Apr 7, 2025 10:00 PM;55,448.00;55,450.75;2.75;48,081.25
Apr 7, 2025 10:00 PM;Apr 7, 2025 11:00 PM;51,950.50;52,032.00;81.50;44,291.00
Apr 7, 2025 11:00 PM;Apr 8, 2025 12:00 AM;48,431.75;48,893.25;461.50;41,270.50
Apr 8, 2025 12:00 AM;Apr 8, 2025 1:00 AM;45,581.00;46,001.00;420.00;39,482.50
Apr 8, 2025 1:00 AM;Apr 8, 2025 2:00 AM;43,957.00;44,545.00;588.00;38,791.50
Apr 8, 2025 2:00 AM;Apr 8, 2025 3:00 AM;43,269.00;44,159.00;890.00;39,026.50
Apr 8, 2025 3:00 AM;Apr 8, 2025 4:00 AM;43,766.00;44,594.50;828.50;40,129.75
Apr 8, 2025 4:00 AM;Apr 8, 2025 5:00 AM;45,532.25;45,830.75;298.50;42,481.50
Apr 8, 2025 5:00 AM;Apr 8, 2025 6:00 AM;49,202.75;49,281.25;78.50;46,395.75
Apr 8, 2025 6:00 AM;Apr 8, 2025 7:00 AM;56,541.25;56,559.25;18.00;53,800.00
Apr 8, 2025 7:00 AM;Apr 8, 2025 8:00 AM;60,711.00;60,712.00;1.00;54,751.00
Apr 8, 2025 8:00 AM;Apr 8, 2025 9:00 AM;62,981.50;62,986.00;4.50;48,381.25
Apr 8, 2025 9:00 AM;Apr 8, 2025 10:00 AM;63,138.25;63,548.50;410.25;37,581.25
Apr 8, 2025 10:00 AM;Apr 8, 2025 11:00 AM;62,000.75;65,563.50;3,562.75;25,319.50
Apr 8, 2025 11:00 AM;Apr 8, 2025 12:00 PM;60,212.50;65,363.50;5,151.00;15,549.25
Apr 8, 2025 12:00 PM;Apr 8, 2025 1:00 PM;58,269.50;62,975.50;4,706.00;10,987.75
Apr 8, 2025 1:00 PM;Apr 8, 2025 2:00 PM;56,605.50;61,260.00;4,654.50;10,564.25
Apr 8, 2025 2:00 PM;Apr 8, 2025 3:00 PM;55,376.25;60,388.00;5,011.75;12,710.50
Apr 8, 2025 3:00 PM;Apr 8, 2025 4:00 PM;54,932.75;59,893.50;4,960.75;17,278.25
Apr 8, 2025 4:00 PM;Apr 8, 2025 5:00 PM;54,193.50;57,040.50;2,847.00;23,614.25
Apr 8, 2025 5:00 PM;Apr 8, 2025 6:00 PM;55,538.25;56,791.00;1,252.75;34,392.00
Apr 8, 2025 6:00 PM;Apr 8, 2025 7:00 PM;57,397.00;57,950.50;553.50;46,889.50
Apr 8, 2025 7:00 PM;Apr 8, 2025 8:00 PM;58,502.50;58,607.50;105.00;54,666.00
Apr 8, 2025 8:00 PM;Apr 8, 2025 9:00 PM;58,128.75;58,157.75;29.00;54,831.25
Apr 8, 2025 9:00 PM;Apr 8, 2025 10:00 PM;55,265.25;55,272.00;6.75;50,871.25
Apr 8, 2025 10:00 PM;Apr 8, 2025 11:00 PM;51,699.00;51,768.00;69.00;46,769.50
Apr 8, 2025 11:00 PM;Apr 9, 2025 12:00 AM;48,271.50;48,489.00;217.50;43,320.25
Apr 9, 2025 12:00 AM;Apr 9, 2025 1:00 AM;44,927.75;45,303.25;375.50;39,960.25
Apr 9, 2025 1:00 AM;Apr 9, 2025 2:00 AM;43,559.00;44,271.25;712.25;38,896.25
Apr 9, 2025 2:00 AM;Apr 9, 2025 3:00 AM;43,055.75;43,966.00;910.25;38,775.25
Apr 9, 2025 3:00 AM;Apr 9, 2025 4:00 AM;43,527.75;44,459.00;931.25;39,346.25
Apr 9, 2025 4:00 AM;Apr 9, 2025 5:00 AM;45,198.00;45,602.50;404.50;40,644.25
Apr 9, 2025 5:00 AM;Apr 9, 2025 6:00 AM;48,882.50;49,024.50;142.00;44,336.50
Apr 9, 2025 6:00 AM;Apr 9, 2025 7:00 AM;55,876.25;55,948.25;72.00;51,368.50
Apr 9, 2025 7:00 AM;Apr 9, 2025 8:00 AM;60,033.00;60,033.25;0.25;52,928.75
Apr 9, 2025 8:00 AM;Apr 9, 2025 9:00 AM;62,331.50;62,340.25;8.75;48,357.00
Apr 9, 2025 9:00 AM;Apr 9, 2025 10:00 AM;62,841.50;63,438.00;596.50;39,413.75
Apr 9, 2025 10:00 AM;Apr 9, 2025 11:00 AM;62,598.25;64,911.00;2,312.75;29,420.00
Apr 9, 2025 11:00 AM;Apr 9, 2025 12:00 PM;61,271.75;65,501.25;4,229.50;20,468.00
Apr 9, 2025 12:00 PM;Apr 9, 2025 1:00 PM;59,134.75;63,179.50;4,044.75;14,984.00
Apr 9, 2025 1:00 PM;Apr 9, 2025 2:00 PM;58,475.25;63,041.00;4,565.75;13,501.50
Apr 9, 2025 2:00 PM;Apr 9, 2025 3:00 PM;57,144.25;62,835.75;5,691.50;12,595.75
Apr 9, 2025 3:00 PM;Apr 9, 2025 4:00 PM;56,696.00;62,437.25;5,741.25;14,017.75
Apr 9, 2025 4:00 PM;Apr 9, 2025 5:00 PM;56,753.00;62,231.25;5,478.25;17,814.25
Apr 9, 2025 5:00 PM;Apr 9, 2025 6:00 PM;57,988.75;60,344.75;2,356.00;24,784.50
Apr 9, 2025 6:00 PM;Apr 9, 2025 7:00 PM;60,530.50;60,901.00;370.50;34,942.00
Apr 9, 2025 7:00 PM;Apr 9, 2025 8:00 PM;61,372.75;61,505.75;133.00;42,375.00
Apr 9, 2025 8:00 PM;Apr 9, 2025 9:00 PM;60,974.50;60,976.25;1.75;42,152.75
Apr 9, 2025 9:00 PM;Apr 9, 2025 10:00 PM;58,721.50;59,060.50;339.00;38,078.50
Apr 9, 2025 10:00 PM;Apr 9, 2025 11:00 PM;54,685.00;55,225.75;540.75;34,768.00
Apr 9, 2025 11:00 PM;Apr 10, 2025 12:00 AM;50,397.25;51,159.00;761.75;32,025.00
Apr 10, 2025 12:00 AM;Apr 10, 2025 1:00 AM;47,484.00;48,646.75;1,162.75;30,386.75
Apr 10, 2025 1:00 AM;Apr 10, 2025 2:00 AM;45,138.50;47,115.25;1,976.75;30,195.75
Apr 10, 2025 2:00 AM;Apr 10, 2025 3:00 AM;43,997.50;45,308.00;1,310.50;30,936.25
Apr 10, 2025 3:00 AM;Apr 10, 2025 4:00 AM;43,899.00;44,558.50;659.50;32,567.75
Apr 10, 2025 4:00 AM;Apr 10, 2025 5:00 AM;44,643.50;45,226.50;583.00;35,110.25
Apr 10, 2025 5:00 AM;Apr 10, 2025 6:00 AM;48,148.50;48,204.50;56.00;40,376.00
Apr 10, 2025 6:00 AM;Apr 10, 2025 7:00 AM;55,289.75;55,292.50;2.75;48,653.50
Apr 10, 2025 7:00 AM;Apr 10, 2025 8:00 AM;60,025.75;60,029.00;3.25;52,602.25
Apr 10, 2025 8:00 AM;Apr 10, 2025 9:00 AM;62,757.50;62,759.25;1.75;51,349.50
Apr 10, 2025 9:00 AM;Apr 10, 2025 10:00 AM;62,730.00;62,765.75;35.75;44,844.75
Apr 10, 2025 10:00 AM;Apr 10, 2025 11:00 AM;62,840.75;63,621.50;780.75;36,908.75
Apr 10, 2025 11:00 AM;Apr 10, 2025 12:00 PM;63,837.75;66,692.50;2,854.75;29,913.50
Apr 10, 2025 12:00 PM;Apr 10, 2025 1:00 PM;61,890.50;65,211.75;3,321.25;21,814.75
Apr 10, 2025 1:00 PM;Apr 10, 2025 2:00 PM;59,857.75;63,939.00;4,081.25;15,497.50
Apr 10, 2025 2:00 PM;Apr 10, 2025 3:00 PM;58,330.50;63,906.25;5,575.75;11,457.50
Apr 10, 2025 3:00 PM;Apr 10, 2025 4:00 PM;56,928.25;62,413.00;5,484.75;11,138.50
Apr 10, 2025 4:00 PM;Apr 10, 2025 5:00 PM;56,955.00;62,411.25;5,456.25;14,898.00
Apr 10, 2025 5:00 PM;Apr 10, 2025 6:00 PM;58,407.50;60,781.75;2,374.25;22,694.50
Apr 10, 2025 6:00 PM;Apr 10, 2025 7:00 PM;60,675.00;61,103.75;428.75;34,280.00
Apr 10, 2025 7:00 PM;Apr 10, 2025 8:00 PM;62,319.75;62,514.75;195.00;41,955.25
Apr 10, 2025 8:00 PM;Apr 10, 2025 9:00 PM;61,789.75;62,027.50;237.75;41,075.75
Apr 10, 2025 9:00 PM;Apr 10, 2025 10:00 PM;59,441.25;59,703.75;262.50;34,926.25
Apr 10, 2025 10:00 PM;Apr 10, 2025 11:00 PM;55,373.00;55,525.00;152.00;28,899.00
Apr 10, 2025 11:00 PM;Apr 11, 2025 12:00 AM;51,223.75;51,373.50;149.75;23,790.00
Apr 11, 2025 12:00 AM;Apr 11, 2025 1:00 AM;49,121.00;50,014.75;893.75;20,371.25
Apr 11, 2025 1:00 AM;Apr 11, 2025 2:00 AM;47,348.25;50,584.50;3,236.25;18,767.00
Apr 11, 2025 2:00 AM;Apr 11, 2025 3:00 AM;46,687.25;49,987.25;3,300.00;19,189.25
Apr 11, 2025 3:00 AM;Apr 11, 2025 4:00 AM;46,865.75;49,772.00;2,906.25;20,098.25
Apr 11, 2025 4:00 AM;Apr 11, 2025 5:00 AM;47,920.25;49,840.75;1,920.50;21,724.00
Apr 11, 2025 5:00 AM;Apr 11, 2025 6:00 AM;50,666.00;50,836.75;170.75;25,367.50
Apr 11, 2025 6:00 AM;Apr 11, 2025 7:00 AM;57,151.75;57,156.00;4.25;32,592.75
Apr 11, 2025 7:00 AM;Apr 11, 2025 8:00 AM;61,495.75;61,496.00;0.25;35,543.00
Apr 11, 2025 8:00 AM;Apr 11, 2025 9:00 AM;63,705.25;63,801.00;95.75;31,443.75
Apr 11, 2025 9:00 AM;Apr 11, 2025 10:00 AM;63,485.75;66,007.25;2,521.50;21,495.75
Apr 11, 2025 10:00 AM;Apr 11, 2025 11:00 AM;63,025.50;67,006.00;3,980.50;11,778.50
Apr 11, 2025 11:00 AM;Apr 11, 2025 12:00 PM;62,107.50;67,014.50;4,907.00;4,207.00
Apr 11, 2025 12:00 PM;Apr 11, 2025 1:00 PM;59,328.25;64,293.75;4,965.50;543.00
Apr 11, 2025 1:00 PM;Apr 11, 2025 2:00 PM;57,454.50;62,454.00;4,999.50;-1,938.00
Apr 11, 2025 2:00 PM;Apr 11, 2025 3:00 PM;55,054.50;60,847.50;5,793.00;-2,220.50
Apr 11, 2025 3:00 PM;Apr 11, 2025 4:00 PM;54,579.75;59,761.00;5,181.25;1,373.50
Apr 11, 2025 4:00 PM;Apr 11, 2025 5:00 PM;54,222.25;58,872.75;4,650.50;7,780.00
Apr 11, 2025 5:00 PM;Apr 11, 2025 6:00 PM;55,501.00;57,367.50;1,866.50;21,265.75
Apr 11, 2025 6:00 PM;Apr 11, 2025 7:00 PM;56,763.75;57,177.75;414.00;34,602.25
Apr 11, 2025 7:00 PM;Apr 11, 2025 8:00 PM;57,096.00;57,100.50;4.50;44,393.25
Apr 11, 2025 8:00 PM;Apr 11, 2025 9:00 PM;56,342.00;56,344.00;2.00;46,800.50
Apr 11, 2025 9:00 PM;Apr 11, 2025 10:00 PM;54,078.50;54,080.50;2.00;44,598.00
Apr 11, 2025 10:00 PM;Apr 11, 2025 11:00 PM;50,757.50;50,765.25;7.75;41,606.50
Apr 11, 2025 11:00 PM;Apr 12, 2025 12:00 AM;47,132.50;47,143.50;11.00;39,023.00
Apr 12, 2025 12:00 AM;Apr 12, 2025 1:00 AM;44,099.75;44,112.75;13.00;37,017.75
Apr 12, 2025 1:00 AM;Apr 12, 2025 2:00 AM;41,749.50;41,783.25;33.75;35,771.50
Apr 12, 2025 2:00 AM;Apr 12, 2025 3:00 AM;40,552.75;40,588.50;35.75;35,209.50
Apr 12, 2025 3:00 AM;Apr 12, 2025 4:00 AM;40,363.75;40,399.25;35.50;35,241.25
Apr 12, 2025 4:00 AM;Apr 12, 2025 5:00 AM;41,238.75;41,814.25;575.50;36,389.50
Apr 12, 2025 5:00 AM;Apr 12, 2025 6:00 AM;41,693.00;41,724.75;31.75;37,056.75
Apr 12, 2025 6:00 AM;Apr 12, 2025 7:00 AM;42,879.00;42,897.00;18.00;37,861.00
Apr 12, 2025 7:00 AM;Apr 12, 2025 8:00 AM;45,562.25;45,572.50;10.25;36,639.00
Apr 12, 2025 8:00 AM;Apr 12, 2025 9:00 AM;49,022.25;49,392.00;369.75;31,276.00
Apr 12, 2025 9:00 AM;Apr 12, 2025 10:00 AM;50,663.00;51,639.00;976.00;22,613.25
Apr 12, 2025 10:00 AM;Apr 12, 2025 11:00 AM;50,574.50;54,133.25;3,558.75;12,618.25
Apr 12, 2025 11:00 AM;Apr 12, 2025 12:00 PM;49,409.75;54,166.75;4,757.00;3,674.25
Apr 12, 2025 12:00 PM;Apr 12, 2025 1:00 PM;47,860.75;53,166.00;5,305.25;633.50
Apr 12, 2025 1:00 PM;Apr 12, 2025 2:00 PM;46,111.00;51,663.75;5,552.75;-2,239.75
Apr 12, 2025 2:00 PM;Apr 12, 2025 3:00 PM;44,308.00;49,958.00;5,650.00;-2,657.00
Apr 12, 2025 3:00 PM;Apr 12, 2025 4:00 PM;43,387.75;49,318.00;5,930.25;-707.75
Apr 12, 2025 4:00 PM;Apr 12, 2025 5:00 PM;43,764.25;49,490.25;5,726.00;5,650.75
Apr 12, 2025 5:00 PM;Apr 12, 2025 6:00 PM;44,974.50;48,163.00;3,188.50;15,464.25
Apr 12, 2025 6:00 PM;Apr 12, 2025 7:00 PM;47,075.50;47,239.25;163.75;28,502.75
Apr 12, 2025 7:00 PM;Apr 12, 2025 8:00 PM;47,891.50;47,897.50;6.00;34,850.00
Apr 12, 2025 8:00 PM;Apr 12, 2025 9:00 PM;47,872.50;47,878.75;6.25;32,041.75
Apr 12, 2025 9:00 PM;Apr 12, 2025 10:00 PM;46,831.25;46,895.75;64.50;26,323.25
Apr 12, 2025 10:00 PM;Apr 12, 2025 11:00 PM;44,544.00;44,668.00;124.00;21,599.00
Apr 12, 2025 11:00 PM;Apr 13, 2025 12:00 AM;42,079.00;42,547.25;468.25;16,857.50
Apr 13, 2025 12:00 AM;Apr 13, 2025 1:00 AM;39,434.75;39,965.00;530.25;12,990.75
Apr 13, 2025 1:00 AM;Apr 13, 2025 2:00 AM;38,220.50;39,460.25;1,239.75;11,261.75
Apr 13, 2025 2:00 AM;Apr 13, 2025 3:00 AM;37,723.50;38,876.25;1,152.75;11,257.25
Apr 13, 2025 3:00 AM;Apr 13, 2025 4:00 AM;37,002.50;37,648.75;646.25;10,697.25
Apr 13, 2025 4:00 AM;Apr 13, 2025 5:00 AM;37,121.00;38,113.50;992.50;10,177.50
Apr 13, 2025 5:00 AM;Apr 13, 2025 6:00 AM;37,753.25;39,028.50;1,275.25;10,670.00
Apr 13, 2025 6:00 AM;Apr 13, 2025 7:00 AM;38,412.00;39,923.50;1,511.50;10,404.00
Apr 13, 2025 7:00 AM;Apr 13, 2025 8:00 AM;40,205.50;42,363.00;2,157.50;9,946.00
Apr 13, 2025 8:00 AM;Apr 13, 2025 9:00 AM;43,977.00;47,228.00;3,251.00;10,255.50
Apr 13, 2025 9:00 AM;Apr 13, 2025 10:00 AM;47,524.75;50,093.75;2,569.00;10,050.50
Apr 13, 2025 10:00 AM;Apr 13, 2025 11:00 AM;50,374.25;55,029.25;4,655.00;6,566.50
Apr 13, 2025 11:00 AM;Apr 13, 2025 12:00 PM;51,685.50;54,907.25;3,221.75;5,028.50
Apr 13, 2025 12:00 PM;Apr 13, 2025 1:00 PM;51,845.25;55,677.00;3,831.75;2,119.50
Apr 13, 2025 1:00 PM;Apr 13, 2025 2:00 PM;50,066.75;55,711.75;5,645.00;-134.75
Apr 13, 2025 2:00 PM;Apr 13, 2025 3:00 PM;47,469.25;53,323.25;5,854.00;-1,352.50
Apr 13, 2025 3:00 PM;Apr 13, 2025 4:00 PM;46,688.50;52,501.25;5,812.75;684.00
Apr 13, 2025 4:00 PM;Apr 13, 2025 5:00 PM;46,922.75;52,310.00;5,387.25;5,464.50
Apr 13, 2025 5:00 PM;Apr 13, 2025 6:00 PM;47,609.75;51,071.50;3,461.75;12,506.00
Apr 13, 2025 6:00 PM;Apr 13, 2025 7:00 PM;47,937.75;48,828.25;890.50;23,402.75
Apr 13, 2025 7:00 PM;Apr 13, 2025 8:00 PM;48,417.50;48,501.50;84.00;33,490.25
Apr 13, 2025 8:00 PM;Apr 13, 2025 9:00 PM;48,709.25;48,711.75;2.50;37,920.25
Apr 13, 2025 9:00 PM;Apr 13, 2025 10:00 PM;47,350.50;47,355.25;4.75;37,928.50
Apr 13, 2025 10:00 PM;Apr 13, 2025 11:00 PM;46,124.75;46,132.75;8.00;37,807.00
Apr 13, 2025 11:00 PM;Apr 14, 2025 12:00 AM;43,973.25;43,991.25;18.00;36,327.00
Apr 14, 2025 12:00 AM;Apr 14, 2025 1:00 AM;42,025.50;42,460.25;434.75;35,577.25
Apr 14, 2025 1:00 AM;Apr 14, 2025 2:00 AM;40,503.75;41,386.25;882.50;35,366.25
Apr 14, 2025 2:00 AM;Apr 14, 2025 3:00 AM;39,649.75;40,683.75;1,034.00;34,847.00
Apr 14, 2025 3:00 AM;Apr 14, 2025 4:00 AM;39,593.25;40,180.75;587.50;34,140.50
Apr 14, 2025 4:00 AM;Apr 14, 2025 5:00 AM;41,201.00;41,516.00;315.00;34,609.00
Apr 14, 2025 5:00 AM;Apr 14, 2025 6:00 AM;46,175.75;46,672.75;497.00;39,430.00
Apr 14, 2025 6:00 AM;Apr 14, 2025 7:00 AM;52,756.75;52,760.25;3.50;45,957.25
Apr 14, 2025 7:00 AM;Apr 14, 2025 8:00 AM;57,754.75;57,757.75;3.00;48,427.75
Apr 14, 2025 8:00 AM;Apr 14, 2025 9:00 AM;60,901.75;60,905.25;3.50;46,231.75
Apr 14, 2025 9:00 AM;Apr 14, 2025 10:00 AM;62,252.75;62,565.25;312.50;39,284.25
Apr 14, 2025 10:00 AM;Apr 14, 2025 11:00 AM;61,848.75;63,003.50;1,154.75;29,048.25
Apr 14, 2025 11:00 AM;Apr 14, 2025 12:00 PM;60,767.75;65,180.25;4,412.50;20,139.00
Apr 14, 2025 12:00 PM;Apr 14, 2025 1:00 PM;59,480.25;64,545.25;5,065.00;16,530.75
Apr 14, 2025 1:00 PM;Apr 14, 2025 2:00 PM;57,603.00;62,698.50;5,095.50;15,095.25
Apr 14, 2025 2:00 PM;Apr 14, 2025 3:00 PM;55,384.25;61,190.50;5,806.25;14,941.75
Apr 14, 2025 3:00 PM;Apr 14, 2025 4:00 PM;54,137.25;58,256.00;4,118.75;17,754.75
Apr 14, 2025 4:00 PM;Apr 14, 2025 5:00 PM;53,446.00;55,936.25;2,490.25;23,222.25
Apr 14, 2025 5:00 PM;Apr 14, 2025 6:00 PM;55,002.75;55,632.00;629.25;33,859.50
Apr 14, 2025 6:00 PM;Apr 14, 2025 7:00 PM;57,006.25;57,072.75;66.50;44,869.50
Apr 14, 2025 7:00 PM;Apr 14, 2025 8:00 PM;57,864.50;57,871.50;7.00;50,664.75
Apr 14, 2025 8:00 PM;Apr 14, 2025 9:00 PM;57,542.00;57,545.75;3.75;48,048.25
Apr 14, 2025 9:00 PM;Apr 14, 2025 10:00 PM;55,170.00;55,304.00;134.00;39,166.50
Apr 14, 2025 10:00 PM;Apr 14, 2025 11:00 PM;52,031.25;52,130.00;98.75;31,380.00
Apr 14, 2025 11:00 PM;Apr 15, 2025 12:00 AM;48,109.00;48,657.50;548.50;24,394.75
Apr 15, 2025 12:00 AM;Apr 15, 2025 1:00 AM;45,053.75;46,192.50;1,138.75;19,656.25
Apr 15, 2025 1:00 AM;Apr 15, 2025 2:00 AM;44,003.25;46,686.50;2,683.25;17,869.00
Apr 15, 2025 2:00 AM;Apr 15, 2025 3:00 AM;43,087.25;46,173.00;3,085.75;17,373.25
Apr 15, 2025 3:00 AM;Apr 15, 2025 4:00 AM;43,255.50;46,598.50;3,343.00;17,762.50
Apr 15, 2025 4:00 AM;Apr 15, 2025 5:00 AM;45,092.00;48,259.75;3,167.75;19,311.50
Apr 15, 2025 5:00 AM;Apr 15, 2025 6:00 AM;49,218.75;50,175.00;956.25;23,752.25
Apr 15, 2025 6:00 AM;Apr 15, 2025 7:00 AM;56,064.75;56,133.25;68.50;29,941.25
Apr 15, 2025 7:00 AM;Apr 15, 2025 8:00 AM;60,418.50;60,428.00;9.50;32,247.00
Apr 15, 2025 8:00 AM;Apr 15, 2025 9:00 AM;62,584.75;62,653.50;68.75;28,929.00
Apr 15, 2025 9:00 AM;Apr 15, 2025 10:00 AM;63,434.75;64,299.50;864.75;22,061.00
Apr 15, 2025 10:00 AM;Apr 15, 2025 11:00 AM;62,236.50;67,020.75;4,784.25;13,324.75
Apr 15, 2025 11:00 AM;Apr 15, 2025 12:00 PM;62,139.00;66,466.00;4,327.00;8,944.75
Apr 15, 2025 12:00 PM;Apr 15, 2025 1:00 PM;61,721.25;66,524.50;4,803.25;8,190.75
Apr 15, 2025 1:00 PM;Apr 15, 2025 2:00 PM;61,426.75;66,100.25;4,673.50;8,077.75
Apr 15, 2025 2:00 PM;Apr 15, 2025 3:00 PM;59,759.00;65,274.25;5,515.25;10,120.75
Apr 15, 2025 3:00 PM;Apr 15, 2025 4:00 PM;58,234.00;62,943.25;4,709.25;14,168.25
Apr 15, 2025 4:00 PM;Apr 15, 2025 5:00 PM;57,168.75;59,807.50;2,638.75;18,701.75
Apr 15, 2025 5:00 PM;Apr 15, 2025 6:00 PM;58,708.00;59,762.00;1,054.00;24,924.75
Apr 15, 2025 6:00 PM;Apr 15, 2025 7:00 PM;60,182.50;60,551.75;369.25;31,794.25
Apr 15, 2025 7:00 PM;Apr 15, 2025 8:00 PM;60,844.50;60,891.75;47.25;38,687.75
Apr 15, 2025 8:00 PM;Apr 15, 2025 9:00 PM;59,567.00;59,572.25;5.25;40,164.50
Apr 15, 2025 9:00 PM;Apr 15, 2025 10:00 PM;56,635.00;56,637.00;2.00;40,494.50
Apr 15, 2025 10:00 PM;Apr 15, 2025 11:00 PM;52,801.25;52,806.25;5.00;38,679.75
Apr 15, 2025 11:00 PM;Apr 16, 2025 12:00 AM;48,806.75;48,817.25;10.50;36,269.00
Apr 16, 2025 12:00 AM;Apr 16, 2025 1:00 AM;45,475.25;45,486.50;11.25;34,130.25
Apr 16, 2025 1:00 AM;Apr 16, 2025 2:00 AM;44,030.50;44,289.50;259.00;32,502.75
Apr 16, 2025 2:00 AM;Apr 16, 2025 3:00 AM;43,275.25;44,622.75;1,347.50;31,916.25
Apr 16, 2025 3:00 AM;Apr 16, 2025 4:00 AM;43,396.50;44,792.50;1,396.00;33,184.25
Apr 16, 2025 4:00 AM;Apr 16, 2025 5:00 AM;43,941.00;44,358.25;417.25;35,271.75
Apr 16, 2025 5:00 AM;Apr 16, 2025 6:00 AM;47,700.50;47,779.75;79.25;40,439.50
Apr 16, 2025 6:00 AM;Apr 16, 2025 7:00 AM;53,454.00;53,460.50;6.50;46,503.50
Apr 16, 2025 7:00 AM;Apr 16, 2025 8:00 AM;57,554.25;57,559.75;5.50;46,538.50
Apr 16, 2025 8:00 AM;Apr 16, 2025 9:00 AM;60,818.00;61,115.75;297.75;42,159.75
Apr 16, 2025 9:00 AM;Apr 16, 2025 10:00 AM;60,309.00;60,730.75;421.75;34,291.25
Apr 16, 2025 10:00 AM;Apr 16, 2025 11:00 AM;60,536.00;62,109.50;1,573.50;27,304.50
Apr 16, 2025 11:00 AM;Apr 16, 2025 12:00 PM;59,607.75;63,506.50;3,898.75;21,323.00
Apr 16, 2025 12:00 PM;Apr 16, 2025 1:00 PM;58,912.25;62,569.50;3,657.25;18,946.50
Apr 16, 2025 1:00 PM;Apr 16, 2025 2:00 PM;58,090.25;61,248.75;3,158.50;19,279.00
Apr 16, 2025 2:00 PM;Apr 16, 2025 3:00 PM;57,204.00;61,068.00;3,864.00;21,167.50
Apr 16, 2025 3:00 PM;Apr 16, 2025 4:00 PM;57,571.25;62,075.75;4,504.50;25,472.50
Apr 16, 2025 4:00 PM;Apr 16, 2025 5:00 PM;57,574.25;60,468.50;2,894.25;29,258.25
Apr 16, 2025 5:00 PM;Apr 16, 2025 6:00 PM;58,300.75;58,584.00;283.25;35,461.25
Apr 16, 2025 6:00 PM;Apr 16, 2025 7:00 PM;59,614.25;59,620.75;6.50;42,028.75
Apr 16, 2025 7:00 PM;Apr 16, 2025 8:00 PM;58,935.00;58,938.25;3.25;44,619.00
Apr 16, 2025 8:00 PM;Apr 16, 2025 9:00 PM;58,429.75;58,432.75;3.00;43,243.75
Apr 16, 2025 9:00 PM;Apr 16, 2025 10:00 PM;56,648.25;56,702.50;54.25;38,627.75
Apr 16, 2025 10:00 PM;Apr 16, 2025 11:00 PM;53,073.00;53,162.50;89.50;33,768.25
Apr 16, 2025 11:00 PM;Apr 17, 2025 12:00 AM;49,790.25;50,514.25;724.00;30,478.25
Apr 17, 2025 12:00 AM;Apr 17, 2025 1:00 AM;46,580.75;47,581.25;1,000.50;28,339.75
Apr 17, 2025 1:00 AM;Apr 17, 2025 2:00 AM;45,162.00;47,044.25;1,882.25;27,157.00
Apr 17, 2025 2:00 AM;Apr 17, 2025 3:00 AM;44,331.25;47,088.75;2,757.50;25,837.00
Apr 17, 2025 3:00 AM;Apr 17, 2025 4:00 AM;44,323.75;46,822.00;2,498.25;25,920.50
Apr 17, 2025 4:00 AM;Apr 17, 2025 5:00 AM;45,375.75;47,034.50;1,658.75;27,804.00
Apr 17, 2025 5:00 AM;Apr 17, 2025 6:00 AM;48,795.25;49,243.25;448.00;32,264.75
Apr 17, 2025 6:00 AM;Apr 17, 2025 7:00 AM;54,629.00;54,746.75;117.75;38,759.75
Apr 17, 2025 7:00 AM;Apr 17, 2025 8:00 AM;59,025.50;59,032.50;7.00;42,301.75
Apr 17, 2025 8:00 AM;Apr 17, 2025 9:00 AM;61,943.75;61,949.00;5.25;42,418.25
Apr 17, 2025 9:00 AM;Apr 17, 2025 10:00 AM;63,186.75;63,259.25;72.50;40,233.50
Apr 17, 2025 10:00 AM;Apr 17, 2025 11:00 AM;64,266.50;64,514.25;247.75;36,823.25
Apr 17, 2025 11:00 AM;Apr 17, 2025 12:00 PM;64,819.75;65,525.00;705.25;32,891.50
Apr 17, 2025 12:00 PM;Apr 17, 2025 1:00 PM;63,575.25;65,978.00;2,402.75;28,547.75
Apr 17, 2025 1:00 PM;Apr 17, 2025 2:00 PM;62,326.25;65,895.00;3,568.75;26,879.50
Apr 17, 2025 2:00 PM;Apr 17, 2025 3:00 PM;60,847.75;64,988.00;4,140.25;26,418.00
Apr 17, 2025 3:00 PM;Apr 17, 2025 4:00 PM;60,279.75;64,405.00;4,125.25;26,848.75
Apr 17, 2025 4:00 PM;Apr 17, 2025 5:00 PM;59,554.25;61,978.25;2,424.00;28,227.50
Apr 17, 2025 5:00 PM;Apr 17, 2025 6:00 PM;58,771.25;58,989.25;218.00;32,682.00
Apr 17, 2025 6:00 PM;Apr 17, 2025 7:00 PM;58,401.00;58,412.50;11.50;36,974.25
Apr 17, 2025 7:00 PM;Apr 17, 2025 8:00 PM;57,312.50;57,315.25;2.75;38,347.50
Apr 17, 2025 8:00 PM;Apr 17, 2025 9:00 PM;55,808.50;55,870.00;61.50;37,862.50
Apr 17, 2025 9:00 PM;Apr 17, 2025 10:00 PM;52,798.50;52,987.25;188.75;35,316.25
Apr 17, 2025 10:00 PM;Apr 17, 2025 11:00 PM;49,689.00;49,906.00;217.00;33,017.50
Apr 17, 2025 11:00 PM;Apr 18, 2025 12:00 AM;46,550.50;46,648.50;98.00;31,910.25
Apr 18, 2025 12:00 AM;Apr 18, 2025 1:00 AM;42,874.75;43,294.00;419.25;30,137.00
Apr 18, 2025 1:00 AM;Apr 18, 2025 2:00 AM;40,534.00;40,944.25;410.25;28,102.25
Apr 18, 2025 2:00 AM;Apr 18, 2025 3:00 AM;38,940.25;39,234.75;294.50;26,645.75
Apr 18, 2025 3:00 AM;Apr 18, 2025 4:00 AM;38,354.25;38,982.75;628.50;25,527.50
Apr 18, 2025 4:00 AM;Apr 18, 2025 5:00 AM;38,598.75;39,574.75;976.00;25,368.50
Apr 18, 2025 5:00 AM;Apr 18, 2025 6:00 AM;39,169.50;39,777.75;608.25;25,177.00
Apr 18, 2025 6:00 AM;Apr 18, 2025 7:00 AM;39,376.25;40,020.25;644.00;24,492.50
Apr 18, 2025 7:00 AM;Apr 18, 2025 8:00 AM;41,051.75;41,624.25;572.50;25,538.25
Apr 18, 2025 8:00 AM;Apr 18, 2025 9:00 AM;44,327.50;44,429.00;101.50;28,391.75
Apr 18, 2025 9:00 AM;Apr 18, 2025 10:00 AM;47,152.25;47,415.50;263.25;29,489.25
Apr 18, 2025 10:00 AM;Apr 18, 2025 11:00 AM;49,198.00;50,326.00;1,128.00;29,507.00
Apr 18, 2025 11:00 AM;Apr 18, 2025 12:00 PM;51,120.75;52,800.75;1,680.00;30,196.75
Apr 18, 2025 12:00 PM;Apr 18, 2025 1:00 PM;50,793.00;54,573.75;3,780.75;30,092.25
Apr 18, 2025 1:00 PM;Apr 18, 2025 2:00 PM;49,570.75;54,665.75;5,095.00;28,951.00
Apr 18, 2025 2:00 PM;Apr 18, 2025 3:00 PM;48,218.75;53,061.25;4,842.50;28,815.00
Apr 18, 2025 3:00 PM;Apr 18, 2025 4:00 PM;47,671.25;52,004.25;4,333.00;30,203.25
Apr 18, 2025 4:00 PM;Apr 18, 2025 5:00 PM;47,016.25;50,048.00;3,031.75;32,023.75
Apr 18, 2025 5:00 PM;Apr 18, 2025 6:00 PM;47,339.50;47,532.25;192.75;35,502.75
Apr 18, 2025 6:00 PM;Apr 18, 2025 7:00 PM;48,271.75;48,357.75;86.00;39,194.00
Apr 18, 2025 7:00 PM;Apr 18, 2025 8:00 PM;48,206.75;48,213.00;6.25;41,197.50
Apr 18, 2025 8:00 PM;Apr 18, 2025 9:00 PM;47,747.50;47,751.25;3.75;41,504.75
Apr 18, 2025 9:00 PM;Apr 18, 2025 10:00 PM;46,839.25;46,843.25;4.00;39,951.25
Apr 18, 2025 10:00 PM;Apr 18, 2025 11:00 PM;44,797.50;44,857.25;59.75;37,784.75
Apr 18, 2025 11:00 PM;Apr 19, 2025 12:00 AM;41,936.75;42,274.25;337.50;34,998.25
Apr 19, 2025 12:00 AM;Apr 19, 2025 1:00 AM;39,625.25;39,822.75;197.50;33,310.75
Apr 19, 2025 1:00 AM;Apr 19, 2025 2:00 AM;37,670.50;37,870.75;200.25;31,873.50
Apr 19, 2025 2:00 AM;Apr 19, 2025 3:00 AM;37,172.50;37,462.50;290.00;31,444.75
Apr 19, 2025 3:00 AM;Apr 19, 2025 4:00 AM;36,701.50;37,008.00;306.50;31,069.25
Apr 19, 2025 4:00 AM;Apr 19, 2025 5:00 AM;37,259.25;37,435.50;176.25;31,921.25
Apr 19, 2025 5:00 AM;Apr 19, 2025 6:00 AM;38,716.00;38,957.75;241.75;33,828.50
Apr 19, 2025 6:00 AM;Apr 19, 2025 7:00 AM;39,570.75;39,610.00;39.25;34,700.00
Apr 19, 2025 7:00 AM;Apr 19, 2025 8:00 AM;41,793.50;42,223.00;429.50;33,824.75
Apr 19, 2025 8:00 AM;Apr 19, 2025 9:00 AM;44,810.25;45,798.50;988.25;30,336.25
Apr 19, 2025 9:00 AM;Apr 19, 2025 10:00 AM;47,458.75;50,086.00;2,627.25;24,376.50
Apr 19, 2025 10:00 AM;Apr 19, 2025 11:00 AM;48,676.25;53,834.50;5,158.25;18,093.25
Apr 19, 2025 11:00 AM;Apr 19, 2025 12:00 PM;48,156.75;53,385.25;5,228.50;12,922.75
Apr 19, 2025 12:00 PM;Apr 19, 2025 1:00 PM;47,505.25;52,242.00;4,736.75;9,533.50
Apr 19, 2025 1:00 PM;Apr 19, 2025 2:00 PM;45,972.25;51,318.75;5,346.50;7,955.50
Apr 19, 2025 2:00 PM;Apr 19, 2025 3:00 PM;44,375.25;49,806.75;5,431.50;8,409.75
Apr 19, 2025 3:00 PM;Apr 19, 2025 4:00 PM;43,341.50;48,971.75;5,630.25;9,716.00
Apr 19, 2025 4:00 PM;Apr 19, 2025 5:00 PM;43,444.50;49,123.00;5,678.50;14,751.25
Apr 19, 2025 5:00 PM;Apr 19, 2025 6:00 PM;44,055.50;46,705.25;2,649.75;22,685.50
Apr 19, 2025 6:00 PM;Apr 19, 2025 7:00 PM;46,028.25;46,308.25;280.00;33,683.50
Apr 19, 2025 7:00 PM;Apr 19, 2025 8:00 PM;47,195.50;47,201.00;5.50;41,580.75
Apr 19, 2025 8:00 PM;Apr 19, 2025 9:00 PM;46,608.50;46,616.75;8.25;42,721.25
Apr 19, 2025 9:00 PM;Apr 19, 2025 10:00 PM;45,802.25;45,806.00;3.75;41,044.25
Apr 19, 2025 10:00 PM;Apr 19, 2025 11:00 PM;43,776.25;43,782.00;5.75;37,991.25
Apr 19, 2025 11:00 PM;Apr 20, 2025 12:00 AM;40,928.75;40,938.25;9.50;34,541.50
Apr 20, 2025 12:00 AM;Apr 20, 2025 1:00 AM;38,286.00;38,319.00;33.00;31,692.75
Apr 20, 2025 1:00 AM;Apr 20, 2025 2:00 AM;36,082.75;36,258.50;175.75;29,289.75
Apr 20, 2025 2:00 AM;Apr 20, 2025 3:00 AM;35,317.25;35,698.00;380.75;28,718.00
Apr 20, 2025 3:00 AM;Apr 20, 2025 4:00 AM;35,244.75;35,617.50;372.75;29,101.75
Apr 20, 2025 4:00 AM;Apr 20, 2025 5:00 AM;35,188.75;35,445.50;256.75;29,203.00
Apr 20, 2025 5:00 AM;Apr 20, 2025 6:00 AM;35,428.00;35,544.25;116.25;29,363.25
Apr 20, 2025 6:00 AM;Apr 20, 2025 7:00 AM;35,430.25;35,470.25;40.00;29,119.75
Apr 20, 2025 7:00 AM;Apr 20, 2025 8:00 AM;37,696.25;37,996.00;299.75;26,671.00
Apr 20, 2025 8:00 AM;Apr 20, 2025 9:00 AM;41,470.25;44,918.75;3,448.50;21,217.50
Apr 20, 2025 9:00 AM;Apr 20, 2025 10:00 AM;43,262.75;46,904.50;3,641.75;13,677.50
Apr 20, 2025 10:00 AM;Apr 20, 2025 11:00 AM;43,431.50;48,070.00;4,638.50;4,938.25
Apr 20, 2025 11:00 AM;Apr 20, 2025 12:00 PM;43,230.25;48,578.75;5,348.50;203.75
Apr 20, 2025 12:00 PM;Apr 20, 2025 1:00 PM;41,774.50;47,392.75;5,618.25;-2,440.00
Apr 20, 2025 1:00 PM;Apr 20, 2025 2:00 PM;39,486.00;45,134.50;5,648.50;-3,100.00
Apr 20, 2025 2:00 PM;Apr 20, 2025 3:00 PM;38,857.25;44,616.75;5,759.50;-52.50
Apr 20, 2025 3:00 PM;Apr 20, 2025 4:00 PM;38,136.75;43,645.75;5,509.00;2,311.75
Apr 20, 2025 4:00 PM;Apr 20, 2025 5:00 PM;38,648.50;43,471.50;4,823.00;8,807.75
Apr 20, 2025 5:00 PM;Apr 20, 2025 6:00 PM;39,900.00;42,667.75;2,767.75;18,260.50
Apr 20, 2025 6:00 PM;Apr 20, 2025 7:00 PM;42,458.00;42,767.75;309.75;28,642.75
Apr 20, 2025 7:00 PM;Apr 20, 2025 8:00 PM;43,463.00;43,469.00;6.00;35,577.00
Apr 20, 2025 8:00 PM;Apr 20, 2025 9:00 PM;43,674.75;43,684.50;9.75;38,887.25
Apr 20, 2025 9:00 PM;Apr 20, 2025 10:00 PM;42,978.25;42,990.75;12.50;39,308.75
Apr 20, 2025 10:00 PM;Apr 20, 2025 11:00 PM;41,673.75;41,680.75;7.00;37,579.50
Apr 20, 2025 11:00 PM;Apr 21, 2025 12:00 AM;39,090.25;39,098.50;8.25;35,254.25
Apr 21, 2025 12:00 AM;Apr 21, 2025 1:00 AM;37,229.25;37,240.50;11.25;33,891.25
Apr 21, 2025 1:00 AM;Apr 21, 2025 2:00 AM;35,124.00;35,193.00;69.00;32,447.75
Apr 21, 2025 2:00 AM;Apr 21, 2025 3:00 AM;34,107.75;34,263.50;155.75;31,595.50
Apr 21, 2025 3:00 AM;Apr 21, 2025 4:00 AM;33,629.00;33,737.25;108.25;30,971.00
Apr 21, 2025 4:00 AM;Apr 21, 2025 5:00 AM;34,240.50;34,335.25;94.75;31,375.25
Apr 21, 2025 5:00 AM;Apr 21, 2025 6:00 AM;34,903.75;34,924.75;21.00;31,984.50
Apr 21, 2025 6:00 AM;Apr 21, 2025 7:00 AM;35,481.75;35,502.75;21.00;31,991.25
Apr 21, 2025 7:00 AM;Apr 21, 2025 8:00 AM;37,249.25;37,523.50;274.25;30,779.75
Apr 21, 2025 8:00 AM;Apr 21, 2025 9:00 AM;40,186.75;41,009.00;822.25;28,267.50
Apr 21, 2025 9:00 AM;Apr 21, 2025 10:00 AM;42,936.25;44,469.50;1,533.25;24,303.00
Apr 21, 2025 10:00 AM;Apr 21, 2025 11:00 AM;44,352.25;47,519.50;3,167.25;18,962.25
Apr 21, 2025 11:00 AM;Apr 21, 2025 12:00 PM;45,772.50;49,594.25;3,821.75;16,210.50
Apr 21, 2025 12:00 PM;Apr 21, 2025 1:00 PM;45,302.50;49,489.25;4,186.75;12,813.25
Apr 21, 2025 1:00 PM;Apr 21, 2025 2:00 PM;43,730.75;48,468.50;4,737.75;10,949.75
Apr 21, 2025 2:00 PM;Apr 21, 2025 3:00 PM;42,814.75;47,222.25;4,407.50;11,729.00
Apr 21, 2025 3:00 PM;Apr 21, 2025 4:00 PM;42,387.75;46,592.75;4,205.00;14,689.50
Apr 21, 2025 4:00 PM;Apr 21, 2025 5:00 PM;41,769.75;45,148.75;3,379.00;18,900.75
Apr 21, 2025 5:00 PM;Apr 21, 2025 6:00 PM;43,163.50;44,630.25;1,466.75;25,999.00
Apr 21, 2025 6:00 PM;Apr 21, 2025 7:00 PM;45,385.50;45,743.50;358.00;34,478.50
Apr 21, 2025 7:00 PM;Apr 21, 2025 8:00 PM;45,806.25;45,823.75;17.50;40,360.25
Apr 21, 2025 8:00 PM;Apr 21, 2025 9:00 PM;46,243.75;46,248.00;4.25;42,358.25
Apr 21, 2025 9:00 PM;Apr 21, 2025 10:00 PM;45,390.25;45,396.75;6.50;41,310.25
Apr 21, 2025 10:00 PM;Apr 21, 2025 11:00 PM;43,864.75;43,890.00;25.25;39,352.50
Apr 21, 2025 11:00 PM;Apr 22, 2025 12:00 AM;41,186.00;41,495.75;309.75;36,217.00
Apr 22, 2025 12:00 AM;Apr 22, 2025 1:00 AM;38,864.25;39,641.50;777.25;33,434.00
Apr 22, 2025 1:00 AM;Apr 22, 2025 2:00 AM;37,516.25;39,035.00;1,518.75;31,899.00
Apr 22, 2025 2:00 AM;Apr 22, 2025 3:00 AM;36,812.75;39,215.00;2,402.25;31,438.75
Apr 22, 2025 3:00 AM;Apr 22, 2025 4:00 AM;37,119.75;39,740.75;2,621.00;32,059.50
Apr 22, 2025 4:00 AM;Apr 22, 2025 5:00 AM;38,856.75;40,600.00;1,743.25;34,021.50
Apr 22, 2025 5:00 AM;Apr 22, 2025 6:00 AM;43,220.75;43,925.00;704.25;38,353.75
Apr 22, 2025 6:00 AM;Apr 22, 2025 7:00 AM;50,333.25;50,510.50;177.25;44,730.00
Apr 22, 2025 7:00 AM;Apr 22, 2025 8:00 AM;55,586.00;55,596.25;10.25;46,449.50
Apr 22, 2025 8:00 AM;Apr 22, 2025 9:00 AM;59,051.25;59,087.50;36.25;43,424.25
Apr 22, 2025 9:00 AM;Apr 22, 2025 10:00 AM;59,844.25;59,973.75;129.50;36,505.50
Apr 22, 2025 10:00 AM;Apr 22, 2025 11:00 AM;59,881.50;60,377.25;495.75;31,408.50
Apr 22, 2025 11:00 AM;Apr 22, 2025 12:00 PM;59,933.25;61,573.25;1,640.00;28,307.50
Apr 22, 2025 12:00 PM;Apr 22, 2025 1:00 PM;59,072.75;62,689.00;3,616.25;26,412.75
Apr 22, 2025 1:00 PM;Apr 22, 2025 2:00 PM;57,802.00;62,105.75;4,303.75;25,341.00
Apr 22, 2025 2:00 PM;Apr 22, 2025 3:00 PM;56,195.25;61,372.75;5,177.50;25,014.00
Apr 22, 2025 3:00 PM;Apr 22, 2025 4:00 PM;55,019.75;59,669.75;4,650.00;25,842.75
Apr 22, 2025 4:00 PM;Apr 22, 2025 5:00 PM;54,322.00;56,774.25;2,452.25;29,392.75
Apr 22, 2025 5:00 PM;Apr 22, 2025 6:00 PM;54,409.00;55,184.25;775.25;35,879.00
Apr 22, 2025 6:00 PM;Apr 22, 2025 7:00 PM;55,755.75;55,866.50;110.75;45,279.50
Apr 22, 2025 7:00 PM;Apr 22, 2025 8:00 PM;55,715.25;55,718.50;3.25;52,052.50
Apr 22, 2025 8:00 PM;Apr 22, 2025 9:00 PM;54,530.75;54,531.75;1.00;53,530.50
Apr 22, 2025 9:00 PM;Apr 22, 2025 10:00 PM;53,208.25;53,213.75;5.50;52,351.25
Apr 22, 2025 10:00 PM;Apr 22, 2025 11:00 PM;49,700.75;49,795.25;94.50;49,034.00
Apr 22, 2025 11:00 PM;Apr 23, 2025 12:00 AM;46,029.00;46,113.50;84.50;45,483.25
Apr 23, 2025 12:00 AM;Apr 23, 2025 1:00 AM;43,876.00;44,476.50;600.50;43,291.00
Apr 23, 2025 1:00 AM;Apr 23, 2025 2:00 AM;42,819.50;44,170.25;1,350.75;42,123.50
Apr 23, 2025 2:00 AM;Apr 23, 2025 3:00 AM;42,134.25;43,956.50;1,822.25;41,212.75
Apr 23, 2025 3:00 AM;Apr 23, 2025 4:00 AM;42,240.25;44,089.75;1,849.50;41,210.00
Apr 23, 2025 4:00 AM;Apr 23, 2025 5:00 AM;42,919.25;44,337.75;1,418.50;41,762.50
Apr 23, 2025 5:00 AM;Apr 23, 2025 6:00 AM;46,257.00;46,483.50;226.50;45,083.25
Apr 23, 2025 6:00 AM;Apr 23, 2025 7:00 AM;52,053.00;52,082.75;29.75;49,613.75
Apr 23, 2025 7:00 AM;Apr 23, 2025 8:00 AM;56,896.50;56,965.00;68.50;49,338.25
Apr 23, 2025 8:00 AM;Apr 23, 2025 9:00 AM;60,005.50;60,324.75;319.25;44,184.75
Apr 23, 2025 9:00 AM;Apr 23, 2025 10:00 AM;61,022.75;61,801.75;779.00;37,074.25
Apr 23, 2025 10:00 AM;Apr 23, 2025 11:00 AM;60,792.50;62,391.75;1,599.25;30,184.25
Apr 23, 2025 11:00 AM;Apr 23, 2025 12:00 PM;60,769.25;64,752.00;3,982.75;26,068.50
Apr 23, 2025 12:00 PM;Apr 23, 2025 1:00 PM;59,717.00;63,939.50;4,222.50;23,655.50
Apr 23, 2025 1:00 PM;Apr 23, 2025 2:00 PM;58,961.00;63,119.75;4,158.75;23,931.50
Apr 23, 2025 2:00 PM;Apr 23, 2025 3:00 PM;57,376.25;61,590.75;4,214.50;24,466.25
Apr 23, 2025 3:00 PM;Apr 23, 2025 4:00 PM;57,005.25;59,732.25;2,727.00;27,390.75
Apr 23, 2025 4:00 PM;Apr 23, 2025 5:00 PM;56,467.25;57,667.00;1,199.75;31,353.50
Apr 23, 2025 5:00 PM;Apr 23, 2025 6:00 PM;57,550.00;57,971.75;421.75;37,386.75
Apr 23, 2025 6:00 PM;Apr 23, 2025 7:00 PM;57,742.00;57,746.50;4.50;43,502.50
Apr 23, 2025 7:00 PM;Apr 23, 2025 8:00 PM;57,743.75;57,746.25;2.50;46,688.75
Apr 23, 2025 8:00 PM;Apr 23, 2025 9:00 PM;56,834.50;56,835.50;1.00;45,173.75
Apr 23, 2025 9:00 PM;Apr 23, 2025 10:00 PM;54,728.00;54,808.75;80.75;41,228.75
Apr 23, 2025 10:00 PM;Apr 23, 2025 11:00 PM;51,343.50;51,636.50;293.00;37,415.75
Apr 23, 2025 11:00 PM;Apr 24, 2025 12:00 AM;47,545.50;47,853.25;307.75;34,125.25
Apr 24, 2025 12:00 AM;Apr 24, 2025 1:00 AM;45,072.75;45,552.75;480.00;32,133.75
Apr 24, 2025 1:00 AM;Apr 24, 2025 2:00 AM;43,335.50;44,647.50;1,312.00;31,154.25
Apr 24, 2025 2:00 AM;Apr 24, 2025 3:00 AM;42,240.50;44,844.25;2,603.75;30,458.75
Apr 24, 2025 3:00 AM;Apr 24, 2025 4:00 AM;42,307.25;44,478.50;2,171.25;30,528.25
Apr 24, 2025 4:00 AM;Apr 24, 2025 5:00 AM;43,431.75;44,567.25;1,135.50;32,101.75
Apr 24, 2025 5:00 AM;Apr 24, 2025 6:00 AM;46,954.50;47,245.50;291.00;35,248.25
Apr 24, 2025 6:00 AM;Apr 24, 2025 7:00 AM;53,708.75;54,090.50;381.75;41,432.25
Apr 24, 2025 7:00 AM;Apr 24, 2025 8:00 AM;58,118.25;58,232.50;114.25;44,360.50
Apr 24, 2025 8:00 AM;Apr 24, 2025 9:00 AM;61,274.00;61,302.25;28.25;45,811.75
Apr 24, 2025 9:00 AM;Apr 24, 2025 10:00 AM;62,420.00;62,448.50;28.50;43,886.00
Apr 24, 2025 10:00 AM;Apr 24, 2025 11:00 AM;63,797.75;63,873.00;75.25;40,990.75
Apr 24, 2025 11:00 AM;Apr 24, 2025 12:00 PM;64,760.00;65,019.00;259.00;38,564.75
Apr 24, 2025 12:00 PM;Apr 24, 2025 1:00 PM;63,676.50;64,725.50;1,049.00;35,794.00
Apr 24, 2025 1:00 PM;Apr 24, 2025 2:00 PM;62,917.50;65,482.00;2,564.50;34,926.25
Apr 24, 2025 2:00 PM;Apr 24, 2025 3:00 PM;62,044.00;65,551.25;3,507.25;35,392.25
Apr 24, 2025 3:00 PM;Apr 24, 2025 4:00 PM;60,285.75;62,102.50;1,816.75;35,582.75
Apr 24, 2025 4:00 PM;Apr 24, 2025 5:00 PM;59,447.00;60,228.25;781.25;37,035.00
Apr 24, 2025 5:00 PM;Apr 24, 2025 6:00 PM;59,885.75;60,088.50;202.75;40,895.50
Apr 24, 2025 6:00 PM;Apr 24, 2025 7:00 PM;60,424.00;60,437.75;13.75;45,671.50
Apr 24, 2025 7:00 PM;Apr 24, 2025 8:00 PM;59,551.50;59,555.25;3.75;48,726.75
Apr 24, 2025 8:00 PM;Apr 24, 2025 9:00 PM;58,357.50;58,398.00;40.50;48,510.50
Apr 24, 2025 9:00 PM;Apr 24, 2025 10:00 PM;56,093.25;56,138.75;45.50;45,762.75
Apr 24, 2025 10:00 PM;Apr 24, 2025 11:00 PM;52,127.25;52,229.75;102.50;42,136.75
Apr 24, 2025 11:00 PM;Apr 25, 2025 12:00 AM;48,172.75;48,401.75;229.00;39,046.25
Apr 25, 2025 12:00 AM;Apr 25, 2025 1:00 AM;45,077.75;45,257.50;179.75;36,702.50
Apr 25, 2025 1:00 AM;Apr 25, 2025 2:00 AM;43,192.00;43,477.50;285.50;35,585.50
Apr 25, 2025 2:00 AM;Apr 25, 2025 3:00 AM;42,410.25;43,213.75;803.50;35,062.25
Apr 25, 2025 3:00 AM;Apr 25, 2025 4:00 AM;42,639.00;44,134.25;1,495.25;35,922.25
Apr 25, 2025 4:00 AM;Apr 25, 2025 5:00 AM;44,034.75;44,832.50;797.75;37,648.75
Apr 25, 2025 5:00 AM;Apr 25, 2025 6:00 AM;47,668.00;47,944.50;276.50;41,612.50
Apr 25, 2025 6:00 AM;Apr 25, 2025 7:00 AM;53,593.25;53,630.75;37.50;47,458.00
Apr 25, 2025 7:00 AM;Apr 25, 2025 8:00 AM;58,302.75;58,327.00;24.25;50,629.00
Apr 25, 2025 8:00 AM;Apr 25, 2025 9:00 AM;61,484.25;61,508.75;24.50;51,214.25
Apr 25, 2025 9:00 AM;Apr 25, 2025 10:00 AM;62,695.50;62,967.25;271.75;48,651.75
Apr 25, 2025 10:00 AM;Apr 25, 2025 11:00 AM;63,669.00;64,006.75;337.75;44,750.50
Apr 25, 2025 11:00 AM;Apr 25, 2025 12:00 PM;63,294.00;64,169.25;875.25;39,959.75
Apr 25, 2025 12:00 PM;Apr 25, 2025 1:00 PM;63,014.50;66,439.75;3,425.25;35,229.00
Apr 25, 2025 1:00 PM;Apr 25, 2025 2:00 PM;59,904.00;64,218.25;4,314.25;29,151.00
Apr 25, 2025 2:00 PM;Apr 25, 2025 3:00 PM;57,215.50;62,485.00;5,269.50;26,411.00
Apr 25, 2025 3:00 PM;Apr 25, 2025 4:00 PM;56,187.50;61,111.50;4,924.00;27,539.00
Apr 25, 2025 4:00 PM;Apr 25, 2025 5:00 PM;55,568.00;59,001.50;3,433.50;30,512.75
Apr 25, 2025 5:00 PM;Apr 25, 2025 6:00 PM;55,973.75;56,585.75;612.00;36,750.75
Apr 25, 2025 6:00 PM;Apr 25, 2025 7:00 PM;56,645.25;56,715.75;70.50;44,342.00
Apr 25, 2025 7:00 PM;Apr 25, 2025 8:00 PM;56,817.25;56,821.50;4.25;49,586.25
Apr 25, 2025 8:00 PM;Apr 25, 2025 9:00 PM;55,448.50;55,451.75;3.25;49,195.25
Apr 25, 2025 9:00 PM;Apr 25, 2025 10:00 PM;53,651.25;53,727.50;76.25;45,750.00
Apr 25, 2025 10:00 PM;Apr 25, 2025 11:00 PM;49,976.75;49,996.75;20.00;41,137.75
Apr 25, 2025 11:00 PM;Apr 26, 2025 12:00 AM;46,372.25;46,567.25;195.00;36,895.75
Apr 26, 2025 12:00 AM;Apr 26, 2025 1:00 AM;43,739.00;44,304.00;565.00;34,412.50
Apr 26, 2025 1:00 AM;Apr 26, 2025 2:00 AM;41,155.75;41,504.50;348.75;32,334.75
Apr 26, 2025 2:00 AM;Apr 26, 2025 3:00 AM;39,784.50;40,041.50;257.00;31,113.75
Apr 26, 2025 3:00 AM;Apr 26, 2025 4:00 AM;39,540.75;39,818.25;277.50;30,687.50
Apr 26, 2025 4:00 AM;Apr 26, 2025 5:00 AM;40,061.50;40,541.25;479.75;30,827.00
Apr 26, 2025 5:00 AM;Apr 26, 2025 6:00 AM;40,580.25;40,771.00;190.75;30,977.50
Apr 26, 2025 6:00 AM;Apr 26, 2025 7:00 AM;41,855.00;41,883.00;28.00;30,990.75
Apr 26, 2025 7:00 AM;Apr 26, 2025 8:00 AM;44,282.50;44,349.25;66.75;29,571.50
Apr 26, 2025 8:00 AM;Apr 26, 2025 9:00 AM;47,557.75;47,745.75;188.00;26,486.25
Apr 26, 2025 9:00 AM;Apr 26, 2025 10:00 AM;49,980.75;52,548.75;2,568.00;19,565.25
Apr 26, 2025 10:00 AM;Apr 26, 2025 11:00 AM;49,973.50;54,598.00;4,624.50;9,897.25
Apr 26, 2025 11:00 AM;Apr 26, 2025 12:00 PM;48,829.00;54,181.75;5,352.75;2,971.25
Apr 26, 2025 12:00 PM;Apr 26, 2025 1:00 PM;47,965.00;53,458.50;5,493.50;-318.75
Apr 26, 2025 1:00 PM;Apr 26, 2025 2:00 PM;46,630.25;52,417.50;5,787.25;-806.00
Apr 26, 2025 2:00 PM;Apr 26, 2025 3:00 PM;45,111.50;51,096.25;5,984.75;-1,027.50
Apr 26, 2025 3:00 PM;Apr 26, 2025 4:00 PM;44,450.75;49,971.00;5,520.25;2,066.75
Apr 26, 2025 4:00 PM;Apr 26, 2025 5:00 PM;44,241.00;49,171.50;4,930.50;6,364.50
Apr 26, 2025 5:00 PM;Apr 26, 2025 6:00 PM;45,109.00;47,642.75;2,533.75;13,883.25
Apr 26, 2025 6:00 PM;Apr 26, 2025 7:00 PM;46,921.25;47,104.75;183.50;24,359.25
Apr 26, 2025 7:00 PM;Apr 26, 2025 8:00 PM;47,749.50;47,756.50;7.00;32,472.25
Apr 26, 2025 8:00 PM;Apr 26, 2025 9:00 PM;47,284.25;47,290.00;5.75;32,530.25
Apr 26, 2025 9:00 PM;Apr 26, 2025 10:00 PM;46,686.50;46,693.75;7.25;27,701.00
Apr 26, 2025 10:00 PM;Apr 26, 2025 11:00 PM;44,440.25;44,449.25;9.00;22,439.75
Apr 26, 2025 11:00 PM;Apr 27, 2025 12:00 AM;41,545.50;41,552.25;6.75;18,043.25
Apr 27, 2025 12:00 AM;Apr 27, 2025 1:00 AM;38,893.50;38,916.25;22.75;14,864.00
Apr 27, 2025 1:00 AM;Apr 27, 2025 2:00 AM;37,307.25;37,841.25;534.00;13,511.00
Apr 27, 2025 2:00 AM;Apr 27, 2025 3:00 AM;36,097.50;36,541.50;444.00;13,296.25
Apr 27, 2025 3:00 AM;Apr 27, 2025 4:00 AM;35,969.00;36,328.00;359.00;14,102.00
Apr 27, 2025 4:00 AM;Apr 27, 2025 5:00 AM;36,478.75;36,821.75;343.00;15,861.75
Apr 27, 2025 5:00 AM;Apr 27, 2025 6:00 AM;36,748.00;36,947.50;199.50;17,674.00
Apr 27, 2025 6:00 AM;Apr 27, 2025 7:00 AM;36,782.50;36,881.75;99.25;18,073.00
Apr 27, 2025 7:00 AM;Apr 27, 2025 8:00 AM;39,049.75;39,433.00;383.25;17,632.75
Apr 27, 2025 8:00 AM;Apr 27, 2025 9:00 AM;42,131.75;44,430.25;2,298.50;15,062.00
Apr 27, 2025 9:00 AM;Apr 27, 2025 10:00 AM;44,528.25;47,933.25;3,405.00;9,108.00
Apr 27, 2025 10:00 AM;Apr 27, 2025 11:00 AM;45,083.50;49,405.00;4,321.50;3,068.50
Apr 27, 2025 11:00 AM;Apr 27, 2025 12:00 PM;44,939.50;50,188.50;5,249.00;-273.25
Apr 27, 2025 12:00 PM;Apr 27, 2025 1:00 PM;43,805.75;49,377.50;5,571.75;-1,207.25
Apr 27, 2025 1:00 PM;Apr 27, 2025 2:00 PM;42,176.75;47,719.25;5,542.50;-1,830.25
Apr 27, 2025 2:00 PM;Apr 27, 2025 3:00 PM;40,610.75;46,106.00;5,495.25;-1,200.00
Apr 27, 2025 3:00 PM;Apr 27, 2025 4:00 PM;40,028.00;45,246.75;5,218.75;1,498.50
Apr 27, 2025 4:00 PM;Apr 27, 2025 5:00 PM;40,207.00;45,030.75;4,823.75;5,385.25
Apr 27, 2025 5:00 PM;Apr 27, 2025 6:00 PM;42,425.75;46,617.50;4,191.75;15,253.75
Apr 27, 2025 6:00 PM;Apr 27, 2025 7:00 PM;44,921.25;45,708.50;787.25;28,998.25
Apr 27, 2025 7:00 PM;Apr 27, 2025 8:00 PM;46,762.75;46,765.75;3.00;40,009.00
Apr 27, 2025 8:00 PM;Apr 27, 2025 9:00 PM;47,178.25;47,179.25;1.00;43,104.25
Apr 27, 2025 9:00 PM;Apr 27, 2025 10:00 PM;46,903.50;46,905.75;2.25;41,815.50
Apr 27, 2025 10:00 PM;Apr 27, 2025 11:00 PM;45,514.75;45,524.25;9.50;39,580.00
Apr 27, 2025 11:00 PM;Apr 28, 2025 12:00 AM;42,843.75;42,867.25;23.50;36,926.75
Apr 28, 2025 12:00 AM;Apr 28, 2025 1:00 AM;40,888.00;41,142.00;254.00;35,560.50
Apr 28, 2025 1:00 AM;Apr 28, 2025 2:00 AM;39,568.50;40,220.25;651.75;35,376.75
Apr 28, 2025 2:00 AM;Apr 28, 2025 3:00 AM;38,845.00;39,993.00;1,148.00;35,874.00
Apr 28, 2025 3:00 AM;Apr 28, 2025 4:00 AM;39,184.50;39,814.50;630.00;36,854.25
Apr 28, 2025 4:00 AM;Apr 28, 2025 5:00 AM;40,921.75;41,198.75;277.00;38,890.25
Apr 28, 2025 5:00 AM;Apr 28, 2025 6:00 AM;45,021.50;45,042.00;20.50;43,164.25
Apr 28, 2025 6:00 AM;Apr 28, 2025 7:00 AM;52,285.75;52,324.50;38.75;49,194.50
Apr 28, 2025 7:00 AM;Apr 28, 2025 8:00 AM;57,261.75;57,273.00;11.25;47,362.50
Apr 28, 2025 8:00 AM;Apr 28, 2025 9:00 AM;60,214.50;60,713.50;499.00;38,764.00
Apr 28, 2025 9:00 AM;Apr 28, 2025 10:00 AM;58,333.00;60,552.25;2,219.25;25,744.25
Apr 28, 2025 10:00 AM;Apr 28, 2025 11:00 AM;57,781.50;61,994.25;4,212.75;15,873.00
Apr 28, 2025 11:00 AM;Apr 28, 2025 12:00 PM;56,195.50;60,652.00;4,456.50;8,847.50
Apr 28, 2025 12:00 PM;Apr 28, 2025 1:00 PM;55,321.25;59,758.00;4,436.75;5,840.75
Apr 28, 2025 1:00 PM;Apr 28, 2025 2:00 PM;54,609.25;59,456.00;4,846.75;5,470.25
Apr 28, 2025 2:00 PM;Apr 28, 2025 3:00 PM;53,225.50;59,465.50;6,240.00;6,194.25
Apr 28, 2025 3:00 PM;Apr 28, 2025 4:00 PM;52,550.00;58,458.25;5,908.25;8,266.75
Apr 28, 2025 4:00 PM;Apr 28, 2025 5:00 PM;52,583.75;57,775.50;5,191.75;14,114.75
Apr 28, 2025 5:00 PM;Apr 28, 2025 6:00 PM;53,400.75;54,641.25;1,240.50;25,298.25
Apr 28, 2025 6:00 PM;Apr 28, 2025 7:00 PM;55,667.50;55,800.25;132.75;39,871.75
Apr 28, 2025 7:00 PM;Apr 28, 2025 8:00 PM;57,295.75;57,298.75;3.00;50,066.50
Apr 28, 2025 8:00 PM;Apr 28, 2025 9:00 PM;56,465.50;56,470.75;5.25;51,966.00
Apr 28, 2025 9:00 PM;Apr 28, 2025 10:00 PM;54,560.50;54,570.00;9.50;49,323.00
Apr 28, 2025 10:00 PM;Apr 28, 2025 11:00 PM;51,451.25;51,458.25;7.00;45,717.25
Apr 28, 2025 11:00 PM;Apr 29, 2025 12:00 AM;48,027.75;48,195.00;167.25;42,002.75
Apr 29, 2025 12:00 AM;Apr 29, 2025 1:00 AM;45,296.00;45,595.75;299.75;39,417.75
Apr 29, 2025 1:00 AM;Apr 29, 2025 2:00 AM;43,708.50;43,968.75;260.25;37,922.25
Apr 29, 2025 2:00 AM;Apr 29, 2025 3:00 AM;42,284.75;43,037.50;752.75;36,826.00
Apr 29, 2025 3:00 AM;Apr 29, 2025 4:00 AM;42,122.75;42,470.25;347.50;36,653.50
Apr 29, 2025 4:00 AM;Apr 29, 2025 5:00 AM;43,808.25;44,028.50;220.25;38,148.25
Apr 29, 2025 5:00 AM;Apr 29, 2025 6:00 AM;48,409.75;48,550.00;140.25;42,395.75
Apr 29, 2025 6:00 AM;Apr 29, 2025 7:00 AM;55,274.25;55,285.00;10.75;47,408.25
Apr 29, 2025 7:00 AM;Apr 29, 2025 8:00 AM;60,108.75;60,242.75;134.00;45,739.25
Apr 29, 2025 8:00 AM;Apr 29, 2025 9:00 AM;62,075.50;62,596.75;521.25;38,071.00
Apr 29, 2025 9:00 AM;Apr 29, 2025 10:00 AM;60,529.00;62,659.75;2,130.75;26,980.00
Apr 29, 2025 10:00 AM;Apr 29, 2025 11:00 AM;57,828.00;61,716.50;3,888.50;16,786.25
Apr 29, 2025 11:00 AM;Apr 29, 2025 12:00 PM;56,982.75;60,966.50;3,983.75;10,583.50
Apr 29, 2025 12:00 PM;Apr 29, 2025 1:00 PM;56,053.00;59,512.25;3,459.25;7,458.75
Apr 29, 2025 1:00 PM;Apr 29, 2025 2:00 PM;55,375.50;59,130.75;3,755.25;6,592.25
Apr 29, 2025 2:00 PM;Apr 29, 2025 3:00 PM;53,921.25;58,217.75;4,296.50;5,843.50
Apr 29, 2025 3:00 PM;Apr 29, 2025 4:00 PM;53,131.75;57,534.50;4,402.75;8,079.00
Apr 29, 2025 4:00 PM;Apr 29, 2025 5:00 PM;52,166.50;57,171.75;5,005.25;13,981.25
Apr 29, 2025 5:00 PM;Apr 29, 2025 6:00 PM;54,225.25;57,326.75;3,101.50;25,200.25
Apr 29, 2025 6:00 PM;Apr 29, 2025 7:00 PM;55,889.00;56,435.75;546.75;38,911.75
Apr 29, 2025 7:00 PM;Apr 29, 2025 8:00 PM;57,049.25;57,053.50;4.25;49,032.50
Apr 29, 2025 8:00 PM;Apr 29, 2025 9:00 PM;55,852.25;55,853.50;1.25;50,742.00
Apr 29, 2025 9:00 PM;Apr 29, 2025 10:00 PM;54,247.00;54,248.25;1.25;48,258.25
Apr 29, 2025 10:00 PM;Apr 29, 2025 11:00 PM;50,327.00;50,370.00;43.00;43,406.25
Apr 29, 2025 11:00 PM;Apr 30, 2025 12:00 AM;46,830.75;47,106.00;275.25;39,643.25
Apr 30, 2025 12:00 AM;Apr 30, 2025 1:00 AM;43,441.00;43,817.25;376.25;36,778.50
Apr 30, 2025 1:00 AM;Apr 30, 2025 2:00 AM;41,668.00;42,245.00;577.00;36,081.00
Apr 30, 2025 2:00 AM;Apr 30, 2025 3:00 AM;40,488.50;40,778.00;289.50;35,882.25
Apr 30, 2025 3:00 AM;Apr 30, 2025 4:00 AM;40,892.50;41,102.25;209.75;36,880.50
Apr 30, 2025 4:00 AM;Apr 30, 2025 5:00 AM;42,444.00;42,578.75;134.75;38,959.00
Apr 30, 2025 5:00 AM;Apr 30, 2025 6:00 AM;46,392.50;46,515.25;122.75;43,355.50
Apr 30, 2025 6:00 AM;Apr 30, 2025 7:00 AM;53,066.00;53,071.50;5.50;48,467.00
Apr 30, 2025 7:00 AM;Apr 30, 2025 8:00 AM;57,673.50;57,686.25;12.75;46,584.25
Apr 30, 2025 8:00 AM;Apr 30, 2025 9:00 AM;59,756.25;60,019.50;263.25;38,203.25
Apr 30, 2025 9:00 AM;Apr 30, 2025 10:00 AM;58,984.25;60,148.00;1,163.75;27,302.00
Apr 30, 2025 10:00 AM;Apr 30, 2025 11:00 AM;57,672.25;60,273.00;2,600.75;17,946.50
Apr 30, 2025 11:00 AM;Apr 30, 2025 12:00 PM;56,354.50;61,408.25;5,053.75;10,450.75
Apr 30, 2025 12:00 PM;Apr 30, 2025 1:00 PM;55,226.50;59,578.75;4,352.25;6,727.25
Apr 30, 2025 1:00 PM;Apr 30, 2025 2:00 PM;54,862.50;59,371.50;4,509.00;5,785.50
Apr 30, 2025 2:00 PM;Apr 30, 2025 3:00 PM;53,875.25;59,390.75;5,515.50;6,880.25
Apr 30, 2025 3:00 PM;Apr 30, 2025 4:00 PM;52,848.50;58,435.25;5,586.75;9,267.25
Apr 30, 2025 4:00 PM;Apr 30, 2025 5:00 PM;52,682.00;57,766.25;5,084.25;15,105.75
Apr 30, 2025 5:00 PM;Apr 30, 2025 6:00 PM;53,221.00;55,471.75;2,250.75;25,563.50
Apr 30, 2025 6:00 PM;Apr 30, 2025 7:00 PM;54,331.00;54,707.75;376.75;39,124.00
Apr 30, 2025 7:00 PM;Apr 30, 2025 8:00 PM;55,391.00;55,395.75;4.75;49,287.00
Apr 30, 2025 8:00 PM;Apr 30, 2025 9:00 PM;54,202.00;54,206.00;4.00;51,157.25
Apr 30, 2025 9:00 PM;Apr 30, 2025 10:00 PM;52,415.75;52,516.75;101.00;48,633.50
Apr 30, 2025 10:00 PM;Apr 30, 2025 11:00 PM;48,793.25;48,863.75;70.50;43,946.25
Apr 30, 2025 11:00 PM;May 1, 2025 12:00 AM;44,636.75;44,697.00;60.25;39,450.00
