Start date;End date;Biomass [MWh] Calculated resolutions;Hydropower [MWh] Calculated resolutions;Wind offshore [MWh] Calculated resolutions;Wind onshore [MWh] Calculated resolutions;Photovoltaics [MWh] Calculated resolutions;Other renewable [MWh] Calculated resolutions;Nuclear [MWh] Calculated resolutions;Lignite [MWh] Calculated resolutions;Hard coal [MWh] Calculated resolutions;Fossil gas [MWh] Calculated resolutions;Hydro pumped storage [MWh] Calculated resolutions;Other conventional [MWh] Calculated resolutions
Jun 1, 2025 12:00 AM;Jun 1, 2025 1:00 AM;3,944.25;1,850.00;798.75;8,477.50;0.00;72.00;-;5,444.50;407.00;3,961.50;2,717.00;1,703.00
Jun 1, 2025 1:00 AM;Jun 1, 2025 2:00 AM;3,942.25;1,853.50;1,175.00;9,917.75;0.00;72.00;-;5,085.50;394.50;3,239.50;1,251.75;1,673.50
Jun 1, 2025 2:00 AM;Jun 1, 2025 3:00 AM;3,960.00;1,876.75;1,437.25;11,070.75;0.00;72.00;-;4,108.75;388.00;3,041.75;469.50;1,698.50
Jun 1, 2025 3:00 AM;Jun 1, 2025 4:00 AM;3,970.00;1,916.50;1,396.75;12,583.25;0.00;72.00;-;3,150.00;383.25;2,707.25;201.00;1,712.00
Jun 1, 2025 4:00 AM;Jun 1, 2025 5:00 AM;3,958.25;1,876.25;1,725.75;11,814.00;4.25;72.00;-;2,906.00;377.75;2,570.75;91.75;1,707.75
Jun 1, 2025 5:00 AM;Jun 1, 2025 6:00 AM;3,939.25;1,866.50;2,136.75;11,641.50;402.75;72.00;-;2,890.50;381.25;2,203.00;235.50;1,718.25
Jun 1, 2025 6:00 AM;Jun 1, 2025 7:00 AM;3,956.50;1,850.75;2,282.50;11,424.50;2,643.25;72.00;-;2,864.50;377.50;2,105.00;158.50;1,691.25
Jun 1, 2025 7:00 AM;Jun 1, 2025 8:00 AM;3,943.00;1,845.00;2,580.50;10,321.00;6,966.00;72.00;-;2,851.75;367.50;2,066.25;402.25;1,692.75
Jun 1, 2025 8:00 AM;Jun 1, 2025 9:00 AM;3,923.00;1,835.75;2,284.75;7,828.00;12,766.75;72.00;-;2,855.25;359.25;2,008.50;232.50;1,666.25
Jun 1, 2025 9:00 AM;Jun 1, 2025 10:00 AM;3,886.75;1,815.00;1,101.00;6,475.25;18,873.75;72.00;-;2,875.25;361.50;1,973.00;590.00;1,657.50
Jun 1, 2025 10:00 AM;Jun 1, 2025 11:00 AM;3,867.50;1,730.25;1,019.00;6,125.75;24,489.75;72.00;-;2,869.00;362.50;1,965.50;183.75;1,628.00
Jun 1, 2025 11:00 AM;Jun 1, 2025 12:00 PM;3,885.00;1,698.25;808.75;6,227.75;28,716.00;72.00;-;2,877.25;362.50;1,970.25;174.00;1,614.00
Jun 1, 2025 12:00 PM;Jun 1, 2025 1:00 PM;3,892.00;1,724.00;1,137.00;6,948.00;30,927.25;72.00;-;2,884.50;364.50;1,981.25;138.00;1,616.75
Jun 1, 2025 1:00 PM;Jun 1, 2025 2:00 PM;3,891.00;1,750.00;1,190.00;8,725.00;31,814.50;72.00;-;2,841.50;368.25;1,983.75;57.25;1,615.00
Jun 1, 2025 2:00 PM;Jun 1, 2025 3:00 PM;3,867.25;1,763.00;1,116.25;10,249.50;30,238.75;87.75;-;2,834.00;354.75;2,000.00;14.25;1,625.00
Jun 1, 2025 3:00 PM;Jun 1, 2025 4:00 PM;3,813.50;1,721.25;1,311.50;12,646.25;26,705.00;82.75;-;2,831.00;344.00;2,051.50;32.25;1,616.25
Jun 1, 2025 4:00 PM;Jun 1, 2025 5:00 PM;3,793.50;1,778.50;1,560.75;14,774.00;20,799.00;92.00;-;2,894.75;370.25;2,068.50;3.00;1,599.25
Jun 1, 2025 5:00 PM;Jun 1, 2025 6:00 PM;3,793.25;1,836.75;2,054.25;17,200.25;16,009.00;92.00;-;2,889.25;381.25;2,121.25;62.75;1,589.75
Jun 1, 2025 6:00 PM;Jun 1, 2025 7:00 PM;3,842.75;1,931.50;3,807.50;16,781.25;10,290.00;92.00;-;3,445.50;416.50;2,413.25;143.25;1,685.00
Jun 1, 2025 7:00 PM;Jun 1, 2025 8:00 PM;3,873.75;1,999.50;3,829.50;14,976.50;5,268.75;92.00;-;4,669.75;419.00;3,311.50;731.50;1,715.50
Jun 1, 2025 8:00 PM;Jun 1, 2025 9:00 PM;3,908.25;2,018.25;3,314.50;12,257.00;1,592.50;92.00;-;5,701.00;427.75;4,443.00;2,392.75;1,732.50
Jun 1, 2025 9:00 PM;Jun 1, 2025 10:00 PM;3,944.75;2,023.50;3,351.00;10,235.75;76.75;92.00;-;6,144.50;444.25;4,709.75;3,749.50;1,751.50
Jun 1, 2025 10:00 PM;Jun 1, 2025 11:00 PM;3,945.25;2,027.75;3,687.50;8,888.00;4.00;92.00;-;6,130.00;433.25;4,676.00;3,220.00;1,736.75
Jun 1, 2025 11:00 PM;Jun 2, 2025 12:00 AM;3,938.00;2,012.25;4,426.75;8,032.25;0.00;92.00;-;5,756.50;426.75;4,454.75;1,203.25;1,723.25
Jun 2, 2025 12:00 AM;Jun 2, 2025 1:00 AM;3,912.25;1,961.50;4,508.25;6,935.25;0.00;92.00;-;6,048.75;417.75;4,372.25;573.00;1,758.25
Jun 2, 2025 1:00 AM;Jun 2, 2025 2:00 AM;3,917.25;1,996.00;4,979.75;6,350.75;0.00;92.00;-;6,453.75;404.00;4,311.75;422.75;1,721.50
Jun 2, 2025 2:00 AM;Jun 2, 2025 3:00 AM;3,927.00;1,991.75;5,261.75;6,055.25;0.00;92.00;-;6,553.00;399.75;4,294.25;100.25;1,718.25
Jun 2, 2025 3:00 AM;Jun 2, 2025 4:00 AM;3,912.50;2,033.00;5,348.25;6,178.25;0.00;92.00;-;7,031.75;404.50;4,036.00;263.25;1,726.75
Jun 2, 2025 4:00 AM;Jun 2, 2025 5:00 AM;3,925.75;2,053.75;4,775.25;6,789.50;4.50;92.00;-;7,528.75;400.75;4,291.50;727.50;1,740.25
Jun 2, 2025 5:00 AM;Jun 2, 2025 6:00 AM;3,907.75;2,031.50;4,139.75;7,845.50;471.50;92.00;-;7,813.00;443.50;4,640.25;1,307.50;1,707.75
Jun 2, 2025 6:00 AM;Jun 2, 2025 7:00 AM;3,914.00;2,264.25;3,203.25;7,594.50;3,194.25;92.00;-;7,984.50;558.50;5,041.50;4,250.25;1,721.75
Jun 2, 2025 7:00 AM;Jun 2, 2025 8:00 AM;3,873.00;2,336.75;2,620.00;6,029.50;8,182.75;92.00;-;7,968.00;595.25;5,304.00;5,258.75;1,733.00
Jun 2, 2025 8:00 AM;Jun 2, 2025 9:00 AM;3,864.25;2,474.50;2,026.75;4,708.50;14,561.25;92.00;-;7,820.75;587.50;4,936.50;3,777.00;1,714.25
Jun 2, 2025 9:00 AM;Jun 2, 2025 10:00 AM;3,865.50;2,105.75;1,986.75;4,794.00;20,536.50;92.00;-;7,346.50;530.50;3,014.25;1,353.25;1,723.00
Jun 2, 2025 10:00 AM;Jun 2, 2025 11:00 AM;3,849.25;2,049.25;2,185.25;5,777.00;25,604.25;92.00;-;6,345.50;481.75;1,982.75;143.00;1,719.50
Jun 2, 2025 11:00 AM;Jun 2, 2025 12:00 PM;3,840.50;2,141.25;2,293.75;7,019.25;28,670.25;92.00;-;5,756.50;465.00;1,841.75;62.00;1,690.50
Jun 2, 2025 12:00 PM;Jun 2, 2025 1:00 PM;3,835.50;2,239.50;2,500.00;8,175.25;28,592.75;92.00;-;5,184.75;521.00;1,815.25;220.25;1,717.25
Jun 2, 2025 1:00 PM;Jun 2, 2025 2:00 PM;3,824.25;2,150.50;2,363.75;9,754.25;27,918.00;92.00;-;5,642.50;512.75;1,800.75;47.50;1,743.00
Jun 2, 2025 2:00 PM;Jun 2, 2025 3:00 PM;3,807.25;2,075.00;2,082.25;10,386.25;27,010.50;92.00;-;5,031.50;486.75;1,823.75;10.50;1,747.00
Jun 2, 2025 3:00 PM;Jun 2, 2025 4:00 PM;3,766.75;2,097.25;2,168.00;10,478.25;24,191.50;92.00;-;4,911.25;596.25;1,911.00;18.50;1,734.50
Jun 2, 2025 4:00 PM;Jun 2, 2025 5:00 PM;3,750.50;2,142.25;2,027.75;10,364.00;20,364.75;92.00;-;6,598.75;939.00;2,257.75;131.75;1,653.25
Jun 2, 2025 5:00 PM;Jun 2, 2025 6:00 PM;3,772.50;2,136.00;1,875.00;8,819.50;15,234.00;92.00;-;7,800.00;1,426.00;4,147.50;448.75;1,695.25
Jun 2, 2025 6:00 PM;Jun 2, 2025 7:00 PM;3,835.00;2,323.25;1,506.00;6,840.00;10,041.00;92.00;-;8,410.50;1,830.75;6,169.50;2,129.25;1,646.00
Jun 2, 2025 7:00 PM;Jun 2, 2025 8:00 PM;3,916.25;2,627.50;1,380.75;5,100.75;5,070.50;92.00;-;8,410.00;2,058.50;8,151.25;4,812.50;1,654.75
Jun 2, 2025 8:00 PM;Jun 2, 2025 9:00 PM;3,932.50;2,657.00;1,109.75;4,003.50;1,762.50;92.00;-;7,609.75;1,973.50;9,073.50;5,720.50;1,769.75
Jun 2, 2025 9:00 PM;Jun 2, 2025 10:00 PM;3,969.00;2,654.75;1,167.00;3,439.50;121.25;92.00;-;7,242.00;2,091.50;9,252.75;5,784.75;1,771.75
Jun 2, 2025 10:00 PM;Jun 2, 2025 11:00 PM;3,970.50;2,393.00;1,098.75;3,136.75;0.50;92.00;-;7,228.75;2,078.25;8,999.75;4,646.75;1,698.25
Jun 2, 2025 11:00 PM;Jun 3, 2025 12:00 AM;3,947.25;2,292.75;843.50;2,935.00;0.00;92.00;-;7,209.25;2,055.00;8,417.75;2,566.25;1,645.75
Jun 3, 2025 12:00 AM;Jun 3, 2025 1:00 AM;3,940.00;2,578.00;756.75;2,379.75;0.00;92.00;-;7,195.75;1,950.75;8,652.25;2,056.00;1,577.75
Jun 3, 2025 1:00 AM;Jun 3, 2025 2:00 AM;3,925.50;2,497.75;822.25;1,985.75;0.00;92.00;-;7,202.00;1,867.75;8,561.50;863.75;1,535.50
Jun 3, 2025 2:00 AM;Jun 3, 2025 3:00 AM;3,939.50;2,210.75;1,011.00;1,628.75;0.00;92.00;-;7,200.25;1,863.75;8,030.50;356.75;1,571.00
Jun 3, 2025 3:00 AM;Jun 3, 2025 4:00 AM;3,930.75;2,264.75;1,394.50;1,551.50;0.00;92.00;-;7,168.25;1,865.25;7,959.50;302.75;1,595.75
Jun 3, 2025 4:00 AM;Jun 3, 2025 5:00 AM;3,924.50;2,226.50;2,012.00;1,894.25;5.00;92.00;-;7,188.25;1,852.50;8,085.50;304.25;1,592.50
Jun 3, 2025 5:00 AM;Jun 3, 2025 6:00 AM;3,902.75;2,253.25;2,488.25;2,770.75;523.00;92.00;-;7,229.25;1,885.50;7,924.75;408.00;1,574.50
Jun 3, 2025 6:00 AM;Jun 3, 2025 7:00 AM;3,910.50;2,633.00;3,052.75;3,687.00;3,512.75;92.00;-;7,156.00;1,987.50;7,972.25;2,191.00;1,524.75
Jun 3, 2025 7:00 AM;Jun 3, 2025 8:00 AM;3,917.75;2,196.00;3,920.00;3,927.50;9,900.00;92.00;-;6,762.50;2,075.25;7,310.00;1,351.75;1,491.00
Jun 3, 2025 8:00 AM;Jun 3, 2025 9:00 AM;3,872.50;2,017.75;4,239.50;3,194.75;18,913.50;92.00;-;5,582.75;1,351.25;5,225.50;805.25;1,469.00
Jun 3, 2025 9:00 AM;Jun 3, 2025 10:00 AM;3,931.50;2,111.25;4,782.25;4,173.50;28,601.25;92.00;-;3,460.00;755.50;2,905.00;342.50;1,479.50
Jun 3, 2025 10:00 AM;Jun 3, 2025 11:00 AM;3,922.25;2,208.00;4,417.50;6,526.50;35,745.25;92.00;-;2,780.00;846.75;2,397.25;98.75;1,501.25
Jun 3, 2025 11:00 AM;Jun 3, 2025 12:00 PM;3,932.50;2,117.25;3,818.75;8,426.25;38,034.00;92.00;-;2,799.50;1,291.25;2,312.00;10.00;1,502.50
Jun 3, 2025 12:00 PM;Jun 3, 2025 1:00 PM;3,895.00;2,156.00;3,758.25;9,558.00;38,983.00;92.00;-;2,835.75;1,722.00;2,178.50;55.50;1,527.00
Jun 3, 2025 1:00 PM;Jun 3, 2025 2:00 PM;3,888.00;2,135.25;3,609.00;10,094.50;38,419.50;92.00;-;2,875.00;1,619.25;2,031.00;0.00;1,525.50
Jun 3, 2025 2:00 PM;Jun 3, 2025 3:00 PM;3,894.00;2,090.75;3,577.25;9,054.75;36,837.50;92.00;-;2,741.50;1,567.25;2,017.75;3.25;1,533.50
Jun 3, 2025 3:00 PM;Jun 3, 2025 4:00 PM;3,887.75;2,110.25;3,788.25;9,794.25;33,206.25;92.00;-;2,707.75;1,561.00;2,076.00;12.00;1,504.50
Jun 3, 2025 4:00 PM;Jun 3, 2025 5:00 PM;3,871.00;2,155.00;4,161.25;12,505.75;28,164.75;92.00;-;2,792.00;2,010.25;2,296.25;55.00;1,572.25
Jun 3, 2025 5:00 PM;Jun 3, 2025 6:00 PM;3,864.25;2,264.00;4,997.50;12,976.75;21,263.25;92.00;-;3,210.00;2,146.00;2,811.25;207.25;1,615.50
Jun 3, 2025 6:00 PM;Jun 3, 2025 7:00 PM;3,932.25;2,348.25;4,530.25;10,577.75;12,944.25;92.00;-;5,178.50;2,331.75;3,837.00;1,129.75;1,618.75
Jun 3, 2025 7:00 PM;Jun 3, 2025 8:00 PM;3,964.00;2,503.00;4,647.25;7,630.50;5,827.00;92.00;-;5,005.75;2,569.75;5,720.25;4,655.25;1,615.50
Jun 3, 2025 8:00 PM;Jun 3, 2025 9:00 PM;3,982.25;2,458.50;4,630.50;7,249.00;1,716.00;92.00;-;4,737.25;2,347.50;6,280.25;5,638.50;1,714.50
Jun 3, 2025 9:00 PM;Jun 3, 2025 10:00 PM;3,990.50;2,424.75;5,013.50;9,050.75;68.50;92.00;-;4,768.00;2,188.50;6,043.75;4,824.25;1,608.00
Jun 3, 2025 10:00 PM;Jun 3, 2025 11:00 PM;3,994.50;2,267.00;5,651.25;11,583.25;0.25;92.00;-;4,717.75;2,017.00;5,974.25;3,082.25;1,608.25
Jun 3, 2025 11:00 PM;Jun 4, 2025 12:00 AM;3,975.25;2,162.75;6,133.75;13,453.50;0.00;92.00;-;4,769.00;1,851.75;5,078.00;703.75;1,604.75
Jun 4, 2025 12:00 AM;Jun 4, 2025 1:00 AM;3,943.50;2,136.75;7,033.00;14,160.50;0.00;92.00;-;4,154.50;1,653.00;3,769.00;723.25;1,571.25
Jun 4, 2025 1:00 AM;Jun 4, 2025 2:00 AM;3,938.25;2,137.75;7,604.00;13,374.50;0.00;92.00;-;3,685.25;1,606.25;3,787.25;255.00;1,487.50
Jun 4, 2025 2:00 AM;Jun 4, 2025 3:00 AM;3,953.75;2,100.75;7,559.50;12,897.25;0.00;92.00;-;4,308.00;1,600.25;3,963.75;87.50;1,500.00
Jun 4, 2025 3:00 AM;Jun 4, 2025 4:00 AM;3,965.75;2,142.25;6,433.75;12,935.25;0.00;92.00;-;4,610.75;1,624.50;4,015.75;265.00;1,500.25
Jun 4, 2025 4:00 AM;Jun 4, 2025 5:00 AM;3,960.50;2,171.25;4,995.75;13,303.25;5.25;92.00;-;5,165.50;1,716.50;3,859.25;305.50;1,497.50
Jun 4, 2025 5:00 AM;Jun 4, 2025 6:00 AM;3,942.00;2,139.75;4,322.25;13,812.50;504.50;92.00;-;5,479.75;1,681.00;4,145.50;320.75;1,457.25
Jun 4, 2025 6:00 AM;Jun 4, 2025 7:00 AM;3,944.75;2,230.50;3,993.75;13,779.75;3,409.00;92.00;-;5,689.75;1,695.00;4,640.25;1,571.75;1,453.50
Jun 4, 2025 7:00 AM;Jun 4, 2025 8:00 AM;3,932.50;2,418.00;4,004.75;11,811.50;8,830.75;85.50;-;5,533.50;1,827.00;4,060.00;3,726.75;1,475.50
Jun 4, 2025 8:00 AM;Jun 4, 2025 9:00 AM;3,906.25;2,567.75;3,652.75;8,897.50;14,557.25;72.00;-;5,745.25;1,538.50;3,327.00;2,284.25;1,503.75
Jun 4, 2025 9:00 AM;Jun 4, 2025 10:00 AM;3,904.75;2,229.75;3,308.25;9,231.75;19,554.50;72.00;-;5,531.50;1,246.75;3,306.25;927.75;1,515.50
Jun 4, 2025 10:00 AM;Jun 4, 2025 11:00 AM;3,903.75;2,116.50;2,922.50;11,408.75;23,615.50;72.00;-;4,579.00;1,167.25;2,674.25;54.25;1,553.25
Jun 4, 2025 11:00 AM;Jun 4, 2025 12:00 PM;3,898.25;2,248.50;2,599.50;14,301.00;25,680.25;72.00;-;3,056.00;1,178.00;2,465.75;1.00;1,681.50
Jun 4, 2025 12:00 PM;Jun 4, 2025 1:00 PM;3,892.50;2,220.25;2,556.50;16,043.00;25,810.25;72.00;-;3,073.75;1,169.75;2,188.25;20.75;1,738.25
Jun 4, 2025 1:00 PM;Jun 4, 2025 2:00 PM;3,878.25;2,110.00;3,048.50;16,325.25;25,027.25;85.25;-;3,080.75;1,148.75;2,128.25;148.25;1,775.00
Jun 4, 2025 2:00 PM;Jun 4, 2025 3:00 PM;3,866.50;1,968.75;3,413.25;15,657.00;25,238.75;92.00;-;3,113.75;1,148.50;2,093.50;0.50;1,659.75
Jun 4, 2025 3:00 PM;Jun 4, 2025 4:00 PM;3,858.75;2,145.25;3,004.75;13,809.75;23,984.50;92.00;-;3,301.25;1,232.50;2,027.25;30.75;1,443.50
Jun 4, 2025 4:00 PM;Jun 4, 2025 5:00 PM;3,859.75;2,307.25;3,282.50;13,804.00;19,873.25;92.00;-;3,620.00;1,402.75;2,070.25;191.75;1,440.25
Jun 4, 2025 5:00 PM;Jun 4, 2025 6:00 PM;3,862.00;2,317.00;3,731.75;12,143.25;13,788.75;92.00;-;4,759.50;1,988.50;2,584.00;720.25;1,466.75
Jun 4, 2025 6:00 PM;Jun 4, 2025 7:00 PM;3,907.25;2,388.75;3,706.25;10,679.50;8,686.00;92.00;-;6,069.25;2,845.75;3,885.50;1,425.50;1,456.75
Jun 4, 2025 7:00 PM;Jun 4, 2025 8:00 PM;3,949.00;2,465.50;3,044.75;9,690.50;4,347.00;92.00;-;6,424.50;3,350.00;4,885.50;2,319.50;1,453.00
Jun 4, 2025 8:00 PM;Jun 4, 2025 9:00 PM;3,975.75;2,543.00;2,428.50;8,693.50;1,332.25;92.00;-;6,458.25;3,476.75;5,460.00;3,736.00;1,462.75
Jun 4, 2025 9:00 PM;Jun 4, 2025 10:00 PM;3,989.50;2,620.25;1,914.50;8,586.00;76.00;92.00;-;6,472.00;3,624.00;5,586.25;3,868.00;1,455.75
Jun 4, 2025 10:00 PM;Jun 4, 2025 11:00 PM;3,997.25;2,351.25;1,592.25;8,350.50;0.50;92.00;-;6,448.25;3,559.25;4,979.25;2,752.75;1,474.00
Jun 4, 2025 11:00 PM;Jun 5, 2025 12:00 AM;3,981.25;2,223.00;1,564.75;7,970.75;0.00;92.00;-;6,346.50;3,377.75;4,327.00;1,923.00;1,495.25
Jun 5, 2025 12:00 AM;Jun 5, 2025 1:00 AM;3,964.50;2,213.25;1,385.25;7,107.00;0.00;92.00;-;6,275.25;3,140.25;3,876.25;1,059.50;1,731.00
Jun 5, 2025 1:00 AM;Jun 5, 2025 2:00 AM;3,959.00;2,250.75;1,790.75;6,904.00;0.00;92.00;-;6,111.00;3,077.25;2,824.00;311.50;1,676.50
Jun 5, 2025 2:00 AM;Jun 5, 2025 3:00 AM;3,982.00;2,218.25;2,455.75;6,766.25;0.00;92.00;-;5,734.75;3,071.50;2,607.75;92.75;1,651.75
Jun 5, 2025 3:00 AM;Jun 5, 2025 4:00 AM;3,992.25;2,235.25;2,827.75;6,992.75;0.00;92.00;-;5,779.75;3,043.00;2,550.50;90.25;1,662.50
Jun 5, 2025 4:00 AM;Jun 5, 2025 5:00 AM;3,985.25;2,247.75;3,081.00;7,769.75;4.50;92.00;-;5,973.25;3,001.25;2,640.50;105.75;1,646.00
Jun 5, 2025 5:00 AM;Jun 5, 2025 6:00 AM;3,975.25;2,261.75;3,748.00;9,232.75;475.50;92.00;-;6,033.75;2,910.25;3,071.50;176.75;1,641.75
Jun 5, 2025 6:00 AM;Jun 5, 2025 7:00 AM;3,958.50;2,529.50;3,684.50;9,993.25;3,094.50;92.00;-;6,155.25;2,693.50;3,909.25;2,638.25;1,642.75
Jun 5, 2025 7:00 AM;Jun 5, 2025 8:00 AM;3,933.75;2,624.75;4,197.00;8,688.50;7,668.00;92.00;-;6,369.50;2,460.25;4,620.00;3,110.50;1,629.00
Jun 5, 2025 8:00 AM;Jun 5, 2025 9:00 AM;3,916.50;2,519.25;4,393.00;8,300.25;13,645.00;92.00;-;6,135.50;1,833.50;4,095.25;2,284.75;1,635.75
Jun 5, 2025 9:00 AM;Jun 5, 2025 10:00 AM;3,882.50;2,491.50;4,418.00;10,728.75;19,572.50;92.00;-;4,497.50;1,332.50;3,021.25;534.75;1,638.00
Jun 5, 2025 10:00 AM;Jun 5, 2025 11:00 AM;3,859.75;2,492.25;4,275.00;13,803.25;23,490.75;92.00;-;3,032.00;1,193.75;1,996.00;35.25;1,670.00
Jun 5, 2025 11:00 AM;Jun 5, 2025 12:00 PM;3,846.25;2,383.25;4,427.00;16,558.00;26,043.00;92.00;-;2,939.50;1,029.00;1,869.75;83.50;1,670.00
Jun 5, 2025 12:00 PM;Jun 5, 2025 1:00 PM;3,834.25;2,346.25;4,119.50;18,380.00;27,583.50;92.00;-;2,816.00;959.00;1,808.50;46.00;1,648.25
Jun 5, 2025 1:00 PM;Jun 5, 2025 2:00 PM;3,824.50;2,286.00;3,790.00;19,487.25;27,202.25;92.00;-;2,182.75;941.00;1,813.00;0.00;1,606.50
Jun 5, 2025 2:00 PM;Jun 5, 2025 3:00 PM;3,859.75;2,265.25;3,126.25;19,897.75;24,900.25;92.00;-;2,155.00;960.50;1,839.25;48.00;1,614.25
Jun 5, 2025 3:00 PM;Jun 5, 2025 4:00 PM;3,891.50;2,333.25;2,077.50;20,025.00;22,146.00;92.00;-;2,698.25;1,053.75;2,011.25;68.25;1,618.25
Jun 5, 2025 4:00 PM;Jun 5, 2025 5:00 PM;3,878.50;2,449.75;1,655.25;20,666.75;19,197.50;92.00;-;3,953.50;1,043.25;2,132.75;205.25;1,719.25
Jun 5, 2025 5:00 PM;Jun 5, 2025 6:00 PM;3,877.50;2,517.50;1,728.50;19,309.00;15,194.50;92.00;-;4,821.50;1,361.00;2,624.25;908.25;1,770.25
Jun 5, 2025 6:00 PM;Jun 5, 2025 7:00 PM;3,917.75;2,595.00;1,784.25;17,819.50;9,672.50;92.00;-;5,418.75;2,125.75;3,797.25;3,490.50;1,947.25
Jun 5, 2025 7:00 PM;Jun 5, 2025 8:00 PM;3,947.25;2,518.25;2,214.25;15,674.50;4,728.00;92.00;-;5,920.50;2,251.50;4,289.75;3,805.75;2,047.75
Jun 5, 2025 8:00 PM;Jun 5, 2025 9:00 PM;3,979.00;2,677.50;3,251.00;13,872.25;1,390.00;92.00;-;6,120.75;2,250.25;4,439.50;4,968.75;2,016.00
Jun 5, 2025 9:00 PM;Jun 5, 2025 10:00 PM;3,996.50;2,443.75;2,927.75;14,987.75;61.75;92.00;-;6,155.00;2,216.00;4,352.75;4,663.50;1,806.50
Jun 5, 2025 10:00 PM;Jun 5, 2025 11:00 PM;3,987.25;2,327.25;3,303.25;16,907.25;0.50;92.00;-;5,899.25;2,031.00;4,254.00;3,326.75;1,663.25
Jun 5, 2025 11:00 PM;Jun 6, 2025 12:00 AM;3,968.25;2,292.50;3,868.50;19,119.00;0.00;92.00;-;4,873.75;1,282.00;4,199.75;2,125.50;1,656.75
Jun 6, 2025 12:00 AM;Jun 6, 2025 1:00 AM;3,957.25;2,276.25;3,435.50;20,747.75;0.00;92.00;-;3,792.75;763.50;2,683.75;1,459.25;1,691.50
Jun 6, 2025 1:00 AM;Jun 6, 2025 2:00 AM;3,969.75;2,299.25;3,766.75;22,969.00;0.00;92.00;-;2,801.00;697.75;2,189.50;834.75;1,665.00
Jun 6, 2025 2:00 AM;Jun 6, 2025 3:00 AM;3,983.00;2,308.50;4,560.25;25,305.75;0.00;92.00;-;2,550.25;698.75;1,895.50;141.75;1,674.25
Jun 6, 2025 3:00 AM;Jun 6, 2025 4:00 AM;3,987.50;2,287.00;5,208.75;27,102.50;0.00;92.00;-;2,549.00;700.25;1,841.00;98.25;1,674.50
Jun 6, 2025 4:00 AM;Jun 6, 2025 5:00 AM;3,971.25;2,311.25;5,145.50;29,373.00;2.50;92.00;-;2,555.25;715.75;1,888.00;206.25;1,680.50
Jun 6, 2025 5:00 AM;Jun 6, 2025 6:00 AM;3,941.00;2,304.25;5,248.00;31,889.00;223.75;92.00;-;2,713.75;742.75;1,977.50;162.00;1,666.75
Jun 6, 2025 6:00 AM;Jun 6, 2025 7:00 AM;3,933.25;2,295.75;5,989.75;34,334.50;1,948.50;92.00;-;2,777.50;800.25;2,194.75;802.75;1,656.25
Jun 6, 2025 7:00 AM;Jun 6, 2025 8:00 AM;3,917.50;2,285.50;6,023.75;34,517.75;5,895.75;92.00;-;3,113.50;813.25;2,483.25;1,650.50;1,664.50
Jun 6, 2025 8:00 AM;Jun 6, 2025 9:00 AM;3,919.00;2,251.25;5,887.25;34,495.25;12,435.25;87.25;-;3,089.75;840.50;2,107.00;739.25;1,646.00
Jun 6, 2025 9:00 AM;Jun 6, 2025 10:00 AM;3,880.50;2,241.25;5,534.50;34,174.00;20,203.75;87.00;-;2,926.75;819.25;1,961.25;91.00;1,631.25
Jun 6, 2025 10:00 AM;Jun 6, 2025 11:00 AM;3,814.75;2,218.75;3,372.00;31,173.25;24,858.00;92.00;-;2,673.75;819.75;1,920.50;202.75;1,602.50
Jun 6, 2025 11:00 AM;Jun 6, 2025 12:00 PM;3,802.75;2,197.25;2,444.50;30,774.25;27,773.25;92.00;-;2,814.25;800.00;2,036.00;112.75;1,566.75
Jun 6, 2025 12:00 PM;Jun 6, 2025 1:00 PM;3,823.75;2,158.00;2,602.50;29,466.75;29,376.75;92.00;-;2,617.50;772.75;2,062.75;0.50;1,562.00
Jun 6, 2025 1:00 PM;Jun 6, 2025 2:00 PM;3,836.25;2,113.50;1,603.25;28,563.25;29,428.50;92.00;-;2,180.75;807.50;2,070.25;0.00;1,615.00
Jun 6, 2025 2:00 PM;Jun 6, 2025 3:00 PM;3,839.00;2,070.75;1,940.00;27,625.25;28,684.25;92.00;-;1,948.75;786.50;1,835.75;96.00;1,651.25
Jun 6, 2025 3:00 PM;Jun 6, 2025 4:00 PM;3,853.25;2,109.75;2,323.00;26,546.25;26,090.25;92.00;-;2,003.75;779.50;1,664.75;178.00;1,648.75
Jun 6, 2025 4:00 PM;Jun 6, 2025 5:00 PM;3,848.00;2,166.75;2,373.75;25,378.75;23,562.00;92.00;-;2,481.25;807.75;1,811.50;107.75;1,668.25
Jun 6, 2025 5:00 PM;Jun 6, 2025 6:00 PM;3,812.25;2,302.75;4,404.00;24,982.50;18,626.50;92.00;-;2,729.50;821.50;2,142.00;298.00;1,666.50
Jun 6, 2025 6:00 PM;Jun 6, 2025 7:00 PM;3,837.25;2,564.50;4,900.25;21,670.50;11,282.00;92.00;-;3,812.50;836.75;3,245.50;1,641.00;1,659.00
Jun 6, 2025 7:00 PM;Jun 6, 2025 8:00 PM;3,880.00;2,675.00;4,459.75;16,513.50;5,431.50;92.00;-;4,885.25;1,009.50;4,144.50;3,635.50;1,681.75
Jun 6, 2025 8:00 PM;Jun 6, 2025 9:00 PM;3,914.00;2,663.50;4,183.75;14,123.50;1,754.00;92.00;-;4,807.25;1,362.50;5,102.75;4,924.25;1,733.75
Jun 6, 2025 9:00 PM;Jun 6, 2025 10:00 PM;3,935.75;2,574.00;3,161.25;14,027.50;98.50;92.00;-;4,997.75;1,377.25;4,735.75;5,229.25;1,710.00
Jun 6, 2025 10:00 PM;Jun 6, 2025 11:00 PM;3,944.00;2,499.75;2,596.75;13,372.50;0.25;92.00;-;4,823.75;1,381.50;4,765.00;5,554.50;1,753.75
Jun 6, 2025 11:00 PM;Jun 7, 2025 12:00 AM;3,941.50;2,395.75;2,073.25;13,856.25;0.00;92.00;-;4,833.50;1,297.75;4,007.25;5,065.00;1,728.50
Jun 7, 2025 12:00 AM;Jun 7, 2025 1:00 AM;3,926.50;2,317.75;1,709.50;13,991.00;0.00;92.00;-;4,956.50;1,034.75;3,338.50;3,452.50;1,835.00
Jun 7, 2025 1:00 AM;Jun 7, 2025 2:00 AM;3,928.00;2,288.75;1,761.75;13,559.00;0.00;92.00;-;5,245.50;925.00;3,126.75;1,995.50;1,808.25
Jun 7, 2025 2:00 AM;Jun 7, 2025 3:00 AM;3,935.50;2,396.50;1,408.00;12,509.00;0.00;92.00;-;5,339.25;781.75;3,090.75;1,846.25;1,822.50
Jun 7, 2025 3:00 AM;Jun 7, 2025 4:00 AM;3,920.00;2,505.00;1,425.25;11,700.50;0.00;92.00;-;5,330.25;768.50;3,015.50;1,488.50;1,820.00
Jun 7, 2025 4:00 AM;Jun 7, 2025 5:00 AM;3,919.25;2,335.25;1,107.75;10,961.50;5.75;92.00;-;5,355.25;893.50;3,065.50;567.00;1,807.25
Jun 7, 2025 5:00 AM;Jun 7, 2025 6:00 AM;3,893.50;2,295.50;782.25;10,843.00;492.00;92.00;-;5,378.00;879.75;3,052.50;362.75;1,811.00
Jun 7, 2025 6:00 AM;Jun 7, 2025 7:00 AM;3,905.25;2,230.75;609.75;10,495.75;2,865.50;92.00;-;5,111.25;877.75;3,062.50;295.50;1,762.25
Jun 7, 2025 7:00 AM;Jun 7, 2025 8:00 AM;3,896.50;2,323.00;397.25;8,883.75;6,582.25;92.00;-;4,966.00;874.50;2,927.50;326.00;1,731.50
Jun 7, 2025 8:00 AM;Jun 7, 2025 9:00 AM;3,875.25;2,348.25;448.75;8,593.50;11,133.25;92.00;-;4,793.75;548.25;2,299.75;412.25;1,636.00
Jun 7, 2025 9:00 AM;Jun 7, 2025 10:00 AM;3,854.25;2,377.25;630.50;10,492.00;15,526.50;92.00;-;3,586.75;347.50;1,896.00;65.50;1,644.75
Jun 7, 2025 10:00 AM;Jun 7, 2025 11:00 AM;3,843.00;2,324.75;520.00;13,265.75;19,257.50;92.00;-;2,851.75;354.50;1,717.00;195.00;1,598.50
Jun 7, 2025 11:00 AM;Jun 7, 2025 12:00 PM;3,858.50;2,280.50;778.75;15,565.75;22,216.75;92.00;-;2,504.50;335.25;1,673.75;283.50;1,582.50
Jun 7, 2025 12:00 PM;Jun 7, 2025 1:00 PM;3,890.50;2,283.00;1,100.50;15,759.50;24,127.50;92.00;-;2,471.25;318.75;1,623.50;2.75;1,531.75
Jun 7, 2025 1:00 PM;Jun 7, 2025 2:00 PM;3,889.25;2,272.00;641.75;16,994.75;23,251.50;92.00;-;2,486.00;332.50;1,610.50;55.00;1,524.00
Jun 7, 2025 2:00 PM;Jun 7, 2025 3:00 PM;3,866.50;2,328.00;510.25;17,805.50;22,678.00;92.00;-;2,471.00;342.25;1,613.50;235.50;1,548.00
Jun 7, 2025 3:00 PM;Jun 7, 2025 4:00 PM;3,855.25;2,313.50;706.75;18,413.25;20,022.25;92.00;-;2,465.50;337.00;1,643.00;111.50;1,574.25
Jun 7, 2025 4:00 PM;Jun 7, 2025 5:00 PM;3,835.25;2,336.00;747.50;17,837.25;16,624.50;92.00;-;2,501.00;342.00;1,641.00;137.00;1,655.75
Jun 7, 2025 5:00 PM;Jun 7, 2025 6:00 PM;3,811.25;2,421.50;628.00;16,237.00;13,967.50;92.00;-;3,558.25;322.00;1,827.75;135.00;1,711.75
Jun 7, 2025 6:00 PM;Jun 7, 2025 7:00 PM;3,866.75;2,463.00;677.00;14,685.00;9,580.50;92.00;-;4,768.00;349.00;2,457.25;1,052.50;1,694.00
Jun 7, 2025 7:00 PM;Jun 7, 2025 8:00 PM;3,905.50;2,567.25;708.00;13,327.75;5,164.00;92.00;-;5,069.50;418.50;2,980.50;4,087.50;1,672.25
Jun 7, 2025 8:00 PM;Jun 7, 2025 9:00 PM;3,928.75;2,448.25;744.50;12,645.00;1,655.75;92.00;-;5,113.25;431.50;3,327.00;4,241.50;1,664.75
Jun 7, 2025 9:00 PM;Jun 7, 2025 10:00 PM;3,958.25;2,581.75;606.00;12,527.50;82.50;92.00;-;5,118.75;405.25;3,521.00;5,047.25;1,679.50
Jun 7, 2025 10:00 PM;Jun 7, 2025 11:00 PM;3,956.50;2,717.25;438.50;13,219.75;0.50;92.00;-;5,095.75;357.00;4,008.25;5,659.75;1,775.50
Jun 7, 2025 11:00 PM;Jun 8, 2025 12:00 AM;3,932.50;2,504.25;628.75;15,276.75;0.00;92.00;-;5,020.50;318.00;3,055.25;4,184.50;1,722.50
Jun 8, 2025 12:00 AM;Jun 8, 2025 1:00 AM;3,915.50;2,457.75;824.25;15,904.50;0.00;92.00;-;4,459.75;311.00;2,868.75;3,415.00;1,787.25
Jun 8, 2025 1:00 AM;Jun 8, 2025 2:00 AM;3,905.50;2,376.75;904.00;16,856.00;0.00;92.00;-;4,000.00;311.50;2,800.75;1,428.00;1,750.75
Jun 8, 2025 2:00 AM;Jun 8, 2025 3:00 AM;3,916.75;2,386.50;602.00;18,115.00;0.00;92.00;-;3,059.75;303.00;2,620.50;463.75;1,752.75
Jun 8, 2025 3:00 AM;Jun 8, 2025 4:00 AM;3,914.25;2,297.25;359.75;18,915.00;0.00;92.00;-;2,622.50;293.25;2,374.75;84.50;1,747.25
Jun 8, 2025 4:00 AM;Jun 8, 2025 5:00 AM;3,908.50;2,286.50;281.25;19,759.50;6.00;92.00;-;2,549.75;291.75;2,228.75;188.50;1,766.50
Jun 8, 2025 5:00 AM;Jun 8, 2025 6:00 AM;3,892.50;2,337.50;467.75;20,586.75;369.00;92.00;-;2,511.25;294.00;2,210.50;172.75;1,770.50
Jun 8, 2025 6:00 AM;Jun 8, 2025 7:00 AM;3,906.00;2,204.25;557.50;22,060.50;2,216.25;92.00;-;2,482.75;291.50;2,179.75;205.50;1,771.25
Jun 8, 2025 7:00 AM;Jun 8, 2025 8:00 AM;3,893.00;2,169.25;824.00;23,483.75;5,498.75;92.00;-;2,486.50;298.75;2,163.25;311.25;1,755.00
Jun 8, 2025 8:00 AM;Jun 8, 2025 9:00 AM;3,855.00;2,179.25;906.50;24,366.75;9,900.50;92.00;-;2,439.50;297.25;2,140.50;272.00;1,716.50
Jun 8, 2025 9:00 AM;Jun 8, 2025 10:00 AM;3,829.00;2,185.50;433.00;22,963.75;14,234.75;92.00;-;2,435.50;318.00;1,696.00;521.50;1,636.00
Jun 8, 2025 10:00 AM;Jun 8, 2025 11:00 AM;3,842.00;2,116.00;251.00;23,808.50;18,209.75;92.00;-;2,430.50;327.00;1,657.25;430.25;1,612.75
Jun 8, 2025 11:00 AM;Jun 8, 2025 12:00 PM;3,861.00;2,086.50;143.25;23,071.25;22,171.50;92.00;-;2,424.25;327.75;1,684.00;290.50;1,598.50
Jun 8, 2025 12:00 PM;Jun 8, 2025 1:00 PM;3,878.50;2,033.50;90.25;21,354.75;25,414.75;92.00;-;2,419.25;314.00;1,675.25;77.75;1,562.25
Jun 8, 2025 1:00 PM;Jun 8, 2025 2:00 PM;3,869.75;1,666.00;95.00;17,094.75;26,475.75;92.00;-;2,415.75;287.25;1,665.75;112.00;1,441.25
Jun 8, 2025 2:00 PM;Jun 8, 2025 3:00 PM;3,848.75;1,594.00;61.25;15,670.25;25,488.25;92.00;-;2,405.00;272.00;1,604.25;75.50;1,417.25
Jun 8, 2025 3:00 PM;Jun 8, 2025 4:00 PM;3,804.50;1,572.00;243.25;16,579.25;23,919.50;92.00;-;2,383.25;273.75;1,594.50;44.75;1,417.75
Jun 8, 2025 4:00 PM;Jun 8, 2025 5:00 PM;3,793.25;1,552.00;677.50;19,814.75;20,009.50;92.00;-;2,396.50;292.50;1,625.50;137.00;1,413.50
Jun 8, 2025 5:00 PM;Jun 8, 2025 6:00 PM;3,795.25;1,975.00;897.25;26,658.00;15,882.75;92.00;-;2,417.50;296.50;1,769.25;115.25;1,550.00
Jun 8, 2025 6:00 PM;Jun 8, 2025 7:00 PM;3,855.50;2,131.25;1,481.25;28,373.00;10,590.75;92.00;-;2,449.25;310.25;2,139.25;364.00;1,654.25
Jun 8, 2025 7:00 PM;Jun 8, 2025 8:00 PM;3,914.50;2,279.50;5,091.00;29,766.00;5,642.50;92.00;-;2,471.00;329.75;2,278.25;281.50;1,666.00
Jun 8, 2025 8:00 PM;Jun 8, 2025 9:00 PM;3,934.75;2,260.75;5,798.50;27,812.25;1,822.75;92.00;-;2,526.50;334.50;2,398.50;2,147.25;1,694.25
Jun 8, 2025 9:00 PM;Jun 8, 2025 10:00 PM;3,955.50;2,272.25;5,296.25;26,406.75;108.50;92.00;-;2,531.25;328.50;2,447.25;4,049.50;1,702.75
Jun 8, 2025 10:00 PM;Jun 8, 2025 11:00 PM;3,975.00;2,268.00;5,030.25;25,390.00;0.50;92.00;-;2,539.00;320.75;2,440.25;3,885.50;1,793.00
Jun 8, 2025 11:00 PM;Jun 9, 2025 12:00 AM;3,986.00;2,280.75;5,218.75;24,591.00;0.00;92.00;-;2,522.50;306.25;2,391.00;2,892.75;1,787.25
Jun 9, 2025 12:00 AM;Jun 9, 2025 1:00 AM;3,960.50;2,261.50;5,062.75;23,968.25;0.00;92.00;-;2,466.00;293.25;2,226.50;1,574.75;1,800.75
Jun 9, 2025 1:00 AM;Jun 9, 2025 2:00 AM;3,954.25;2,256.50;5,127.00;23,365.25;0.00;92.00;-;2,452.50;280.00;2,170.75;1,104.75;1,784.50
Jun 9, 2025 2:00 AM;Jun 9, 2025 3:00 AM;3,958.00;2,291.75;5,053.00;22,483.75;0.00;92.00;-;2,451.75;274.25;2,183.75;1,089.50;1,759.00
Jun 9, 2025 3:00 AM;Jun 9, 2025 4:00 AM;3,952.50;2,328.00;4,866.00;21,211.75;0.00;92.00;-;2,443.75;270.25;2,189.00;1,513.75;1,748.75
Jun 9, 2025 4:00 AM;Jun 9, 2025 5:00 AM;3,944.25;2,331.50;4,207.75;19,818.75;4.50;92.00;-;2,461.50;271.00;2,197.25;1,506.25;1,746.75
Jun 9, 2025 5:00 AM;Jun 9, 2025 6:00 AM;3,930.50;2,336.00;3,421.00;18,372.75;563.75;92.00;-;2,462.75;263.75;2,236.50;2,197.25;1,733.00
Jun 9, 2025 6:00 AM;Jun 9, 2025 7:00 AM;3,970.50;2,321.50;2,799.00;16,187.00;3,799.25;92.00;-;2,453.50;257.50;2,261.50;3,124.00;1,738.75
Jun 9, 2025 7:00 AM;Jun 9, 2025 8:00 AM;3,970.00;2,208.75;2,458.25;13,291.00;10,325.75;92.00;-;2,430.75;255.50;2,239.00;2,379.50;1,776.50
Jun 9, 2025 8:00 AM;Jun 9, 2025 9:00 AM;3,941.50;2,191.00;2,275.00;10,913.50;19,484.00;92.00;-;2,424.00;248.75;2,202.75;1,446.00;1,767.50
Jun 9, 2025 9:00 AM;Jun 9, 2025 10:00 AM;3,938.50;1,957.75;1,269.25;9,577.00;26,918.50;92.00;-;2,405.75;240.75;1,751.50;979.75;1,648.25
Jun 9, 2025 10:00 AM;Jun 9, 2025 11:00 AM;3,926.75;1,813.75;1,092.50;9,091.75;33,090.75;92.00;-;2,404.00;241.50;1,715.50;417.25;1,656.00
Jun 9, 2025 11:00 AM;Jun 9, 2025 12:00 PM;3,939.25;1,808.25;911.25;8,934.50;35,798.00;92.00;-;2,404.75;237.25;1,678.50;228.50;1,654.25
Jun 9, 2025 12:00 PM;Jun 9, 2025 1:00 PM;3,941.25;1,795.75;896.50;8,799.75;35,874.50;92.00;-;2,389.75;242.50;1,676.00;137.00;1,619.25
Jun 9, 2025 1:00 PM;Jun 9, 2025 2:00 PM;3,941.75;1,788.75;961.50;8,553.75;35,782.25;92.00;-;2,349.00;242.25;1,657.00;189.75;1,631.75
Jun 9, 2025 2:00 PM;Jun 9, 2025 3:00 PM;3,936.25;1,801.00;1,006.50;8,645.25;34,904.75;92.00;-;2,337.75;237.75;1,660.00;161.75;1,667.00
Jun 9, 2025 3:00 PM;Jun 9, 2025 4:00 PM;3,885.75;1,818.00;1,381.50;8,497.75;32,480.75;92.00;-;2,430.75;245.75;1,664.50;366.00;1,669.50
Jun 9, 2025 4:00 PM;Jun 9, 2025 5:00 PM;3,852.25;1,998.75;1,497.00;7,719.75;28,032.25;92.00;-;2,483.25;266.75;1,743.25;716.00;1,677.50
Jun 9, 2025 5:00 PM;Jun 9, 2025 6:00 PM;3,849.00;2,262.50;3,060.25;6,747.50;22,384.50;92.00;-;2,782.00;278.50;1,790.75;627.25;1,665.50
Jun 9, 2025 6:00 PM;Jun 9, 2025 7:00 PM;3,929.75;2,252.00;2,759.75;6,074.00;14,581.50;92.00;-;3,973.75;315.75;2,115.75;962.50;1,666.25
Jun 9, 2025 7:00 PM;Jun 9, 2025 8:00 PM;3,986.50;2,378.00;2,184.25;4,206.25;6,946.75;92.00;-;5,186.00;354.25;3,592.50;3,555.50;1,704.25
Jun 9, 2025 8:00 PM;Jun 9, 2025 9:00 PM;3,995.00;2,610.75;1,780.50;2,802.25;2,191.00;92.00;-;5,781.00;391.00;4,896.50;5,866.00;1,709.75
Jun 9, 2025 9:00 PM;Jun 9, 2025 10:00 PM;4,006.00;2,584.25;1,944.00;2,323.50;132.75;92.00;-;5,946.00;395.50;5,005.25;6,131.25;1,707.75
Jun 9, 2025 10:00 PM;Jun 9, 2025 11:00 PM;4,002.75;2,537.75;1,904.00;2,575.50;0.75;92.00;-;6,013.00;372.25;4,918.00;6,018.00;1,698.00
Jun 9, 2025 11:00 PM;Jun 10, 2025 12:00 AM;3,989.00;2,287.00;1,888.25;3,946.25;0.00;92.00;-;6,131.00;321.50;4,590.25;4,676.75;1,690.50
Jun 10, 2025 12:00 AM;Jun 10, 2025 1:00 AM;3,972.50;2,273.25;2,567.75;5,816.00;0.00;92.00;-;5,571.75;311.50;3,832.75;2,813.25;1,506.00
Jun 10, 2025 1:00 AM;Jun 10, 2025 2:00 AM;3,968.75;2,302.50;3,092.25;8,190.50;0.00;92.00;-;3,871.50;295.50;3,717.75;995.50;1,475.25
Jun 10, 2025 2:00 AM;Jun 10, 2025 3:00 AM;3,948.25;2,327.50;3,981.75;10,386.00;0.00;92.00;-;3,263.00;291.00;3,613.75;285.75;1,474.50
Jun 10, 2025 3:00 AM;Jun 10, 2025 4:00 AM;3,945.00;2,354.25;4,791.25;11,849.00;0.00;92.00;-;3,256.50;295.50;3,897.50;132.00;1,475.75
Jun 10, 2025 4:00 AM;Jun 10, 2025 5:00 AM;3,938.50;2,334.25;5,353.00;12,940.75;5.25;92.00;-;3,474.50;304.75;4,122.00;178.75;1,471.50
Jun 10, 2025 5:00 AM;Jun 10, 2025 6:00 AM;3,926.00;2,136.75;5,305.75;13,988.75;585.50;92.00;-;3,554.25;328.75;4,923.75;329.25;1,479.75
Jun 10, 2025 6:00 AM;Jun 10, 2025 7:00 AM;3,932.00;2,131.50;5,717.50;15,013.25;3,741.00;92.00;-;3,823.75;363.50;4,705.50;2,375.75;1,838.00
Jun 10, 2025 7:00 AM;Jun 10, 2025 8:00 AM;3,944.50;2,133.25;5,880.50;14,775.50;8,917.25;92.00;-;3,616.00;384.25;3,779.75;1,662.00;1,981.50
Jun 10, 2025 8:00 AM;Jun 10, 2025 9:00 AM;3,917.25;2,143.00;6,299.50;13,457.50;15,373.50;92.00;-;3,237.25;383.25;2,591.00;2,442.50;1,965.75
Jun 10, 2025 9:00 AM;Jun 10, 2025 10:00 AM;3,902.75;2,105.00;6,306.75;13,898.00;21,602.00;92.00;-;3,152.25;400.75;2,015.75;547.00;1,960.25
Jun 10, 2025 10:00 AM;Jun 10, 2025 11:00 AM;3,875.75;2,056.25;5,773.75;15,995.00;26,057.75;92.00;-;3,105.00;396.25;1,818.25;211.25;1,948.50
Jun 10, 2025 11:00 AM;Jun 10, 2025 12:00 PM;3,872.75;1,886.25;5,590.75;18,669.75;28,916.00;92.00;-;3,036.75;360.75;1,783.50;57.00;1,948.00
Jun 10, 2025 12:00 PM;Jun 10, 2025 1:00 PM;3,864.75;1,858.25;4,931.50;20,610.50;29,103.00;92.00;-;3,002.00;383.75;1,743.00;46.75;1,900.25
Jun 10, 2025 1:00 PM;Jun 10, 2025 2:00 PM;3,839.75;1,856.00;4,890.25;23,806.50;28,570.50;92.00;-;2,992.75;365.75;1,774.75;80.25;1,830.75
Jun 10, 2025 2:00 PM;Jun 10, 2025 3:00 PM;3,810.75;1,845.25;5,371.75;24,962.00;26,087.00;92.00;-;3,003.00;381.75;1,810.75;44.00;1,466.25
Jun 10, 2025 3:00 PM;Jun 10, 2025 4:00 PM;3,818.75;1,893.75;5,610.00;25,752.75;22,519.25;92.00;-;3,198.50;658.50;1,793.25;70.75;1,452.25
Jun 10, 2025 4:00 PM;Jun 10, 2025 5:00 PM;3,857.50;2,044.50;6,074.50;26,452.75;19,166.00;92.00;-;3,287.75;782.25;1,967.25;103.00;1,467.25
Jun 10, 2025 5:00 PM;Jun 10, 2025 6:00 PM;3,863.25;2,166.50;6,580.25;26,861.50;14,717.75;92.00;-;3,302.75;495.25;2,314.75;83.50;1,483.50
Jun 10, 2025 6:00 PM;Jun 10, 2025 7:00 PM;3,879.75;2,161.00;6,203.25;27,240.25;9,910.25;92.00;-;3,954.00;1,108.50;2,875.50;365.00;1,481.75
Jun 10, 2025 7:00 PM;Jun 10, 2025 8:00 PM;3,927.50;2,175.25;5,592.25;27,155.00;5,153.25;92.00;-;5,256.00;1,316.50;3,755.50;1,445.25;1,483.25
Jun 10, 2025 8:00 PM;Jun 10, 2025 9:00 PM;3,952.25;2,095.25;5,810.00;27,195.00;1,748.00;92.00;-;5,649.25;1,365.25;4,246.00;2,371.25;1,470.50
Jun 10, 2025 9:00 PM;Jun 10, 2025 10:00 PM;3,950.50;2,117.50;5,182.75;26,208.50;125.00;92.00;-;5,940.00;1,363.25;4,359.75;3,069.75;1,501.00
Jun 10, 2025 10:00 PM;Jun 10, 2025 11:00 PM;3,954.25;2,162.75;5,307.25;23,867.75;0.75;92.00;-;5,616.00;1,264.75;4,293.25;3,808.00;1,447.50
Jun 10, 2025 11:00 PM;Jun 11, 2025 12:00 AM;3,945.00;2,156.00;4,848.25;23,544.50;0.00;92.00;-;5,698.50;1,070.25;4,317.25;1,658.25;1,335.50
Jun 11, 2025 12:00 AM;Jun 11, 2025 1:00 AM;3,923.25;2,136.75;4,393.25;22,976.25;0.00;92.00;-;5,206.25;891.50;5,019.25;457.75;1,386.75
Jun 11, 2025 1:00 AM;Jun 11, 2025 2:00 AM;3,930.75;2,030.50;3,656.00;22,045.00;0.00;92.00;-;4,709.00;760.00;4,607.25;170.75;1,325.25
Jun 11, 2025 2:00 AM;Jun 11, 2025 3:00 AM;3,952.25;2,018.25;3,549.00;20,675.50;0.00;92.00;-;4,600.50;753.50;3,785.00;201.75;1,327.00
Jun 11, 2025 3:00 AM;Jun 11, 2025 4:00 AM;3,947.00;2,015.75;3,377.50;19,290.25;0.00;92.00;-;4,431.75;752.50;3,582.50;150.75;1,334.00
Jun 11, 2025 4:00 AM;Jun 11, 2025 5:00 AM;3,932.75;2,028.00;3,218.25;17,720.50;4.75;92.00;-;5,090.25;760.25;3,700.00;461.00;1,313.50
Jun 11, 2025 5:00 AM;Jun 11, 2025 6:00 AM;3,924.50;2,103.75;2,498.00;15,523.25;596.00;92.00;-;5,798.75;889.75;4,010.25;1,633.50;1,273.25
Jun 11, 2025 6:00 AM;Jun 11, 2025 7:00 AM;3,944.75;2,226.50;2,424.25;12,874.75;3,761.50;92.00;-;5,484.50;1,172.00;3,940.75;4,857.25;1,618.00
Jun 11, 2025 7:00 AM;Jun 11, 2025 8:00 AM;3,936.50;2,391.50;2,299.75;10,607.00;10,000.25;92.00;-;5,023.75;1,237.25;3,983.50;5,283.50;1,753.75
Jun 11, 2025 8:00 AM;Jun 11, 2025 9:00 AM;3,876.00;2,195.25;2,188.25;10,298.00;18,496.00;92.00;-;4,680.25;1,009.00;3,820.25;3,227.00;1,881.75
Jun 11, 2025 9:00 AM;Jun 11, 2025 10:00 AM;3,869.00;2,105.50;1,359.50;9,849.50;26,893.25;92.00;-;3,571.00;869.50;2,736.00;347.75;1,879.50
Jun 11, 2025 10:00 AM;Jun 11, 2025 11:00 AM;3,863.00;2,048.00;1,806.25;8,472.00;34,293.00;92.00;-;2,969.75;862.25;2,070.00;75.50;1,890.50
Jun 11, 2025 11:00 AM;Jun 11, 2025 12:00 PM;3,831.00;1,999.00;1,477.25;7,180.00;40,119.75;92.00;-;2,883.25;859.50;1,765.75;95.50;1,887.25
Jun 11, 2025 12:00 PM;Jun 11, 2025 1:00 PM;3,831.50;1,992.50;1,131.75;6,943.25;43,528.25;92.00;-;2,827.75;846.50;1,725.50;96.00;1,717.00
Jun 11, 2025 1:00 PM;Jun 11, 2025 2:00 PM;3,816.00;2,014.00;903.25;6,412.00;44,392.50;92.00;-;2,802.75;805.00;1,714.50;81.75;1,580.00
Jun 11, 2025 2:00 PM;Jun 11, 2025 3:00 PM;3,807.00;1,928.25;854.00;5,786.50;43,475.50;92.00;-;2,921.50;742.25;1,741.00;19.25;1,256.25
Jun 11, 2025 3:00 PM;Jun 11, 2025 4:00 PM;3,813.75;1,922.25;846.00;5,266.75;40,893.50;92.00;-;3,110.75;719.00;1,732.75;78.75;1,232.00
Jun 11, 2025 4:00 PM;Jun 11, 2025 5:00 PM;3,815.25;1,903.25;770.50;4,902.50;36,022.25;92.00;-;3,086.00;810.50;1,781.00;55.50;1,251.50
Jun 11, 2025 5:00 PM;Jun 11, 2025 6:00 PM;3,832.25;2,018.25;933.25;5,277.00;29,213.75;92.00;-;3,393.75;1,380.25;2,209.75;182.50;1,310.00
Jun 11, 2025 6:00 PM;Jun 11, 2025 7:00 PM;3,861.50;2,207.00;732.75;5,091.25;18,268.00;92.00;-;5,019.25;2,130.75;3,728.75;1,003.50;1,338.75
Jun 11, 2025 7:00 PM;Jun 11, 2025 8:00 PM;3,930.25;2,315.50;718.00;4,387.00;8,313.00;92.00;-;5,917.50;2,964.25;6,216.75;4,919.25;1,395.00
Jun 11, 2025 8:00 PM;Jun 11, 2025 9:00 PM;3,948.25;2,447.75;685.25;4,133.50;2,621.50;92.00;-;6,339.75;3,538.00;7,249.00;6,195.25;1,380.25
Jun 11, 2025 9:00 PM;Jun 11, 2025 10:00 PM;3,913.50;2,381.50;798.50;5,575.00;196.50;92.00;-;6,351.25;3,918.50;7,414.25;5,694.75;1,408.75
Jun 11, 2025 10:00 PM;Jun 11, 2025 11:00 PM;3,912.25;2,257.50;949.25;7,526.75;2.00;92.00;-;6,361.00;3,912.00;7,029.25;4,128.50;1,362.00
Jun 11, 2025 11:00 PM;Jun 12, 2025 12:00 AM;3,904.00;2,144.00;852.25;9,278.75;0.00;92.00;-;6,338.00;3,811.25;5,519.00;2,485.50;1,369.00
Jun 12, 2025 12:00 AM;Jun 12, 2025 1:00 AM;3,898.00;2,101.25;783.25;9,934.75;0.00;92.00;-;6,402.50;3,592.00;4,267.25;1,477.00;1,421.75
Jun 12, 2025 1:00 AM;Jun 12, 2025 2:00 AM;3,906.75;2,177.50;862.00;10,191.00;0.00;92.00;-;6,379.00;3,333.75;3,534.25;624.00;1,377.75
Jun 12, 2025 2:00 AM;Jun 12, 2025 3:00 AM;3,914.25;2,123.25;953.75;10,948.50;0.00;92.00;-;6,236.50;2,906.00;3,381.00;316.00;1,408.50
Jun 12, 2025 3:00 AM;Jun 12, 2025 4:00 AM;3,927.25;2,028.25;948.00;11,294.75;0.00;92.00;-;5,847.50;2,498.00;3,282.25;163.00;1,419.25
Jun 12, 2025 4:00 AM;Jun 12, 2025 5:00 AM;3,937.25;2,085.00;999.25;11,239.00;8.75;92.00;-;5,856.00;2,377.25;3,364.00;351.25;1,390.50
Jun 12, 2025 5:00 AM;Jun 12, 2025 6:00 AM;3,933.25;2,214.25;1,152.25;11,708.75;766.00;92.00;-;5,982.00;2,463.50;3,382.75;1,265.25;1,352.50
Jun 12, 2025 6:00 AM;Jun 12, 2025 7:00 AM;3,931.00;2,284.25;1,570.00;11,017.25;4,710.25;92.00;-;6,176.00;2,599.00;3,631.00;3,247.25;1,328.25
Jun 12, 2025 7:00 AM;Jun 12, 2025 8:00 AM;3,902.00;2,105.00;1,745.50;8,305.50;13,041.25;92.00;-;5,614.75;2,197.75;3,417.00;2,456.25;1,347.50
Jun 12, 2025 8:00 AM;Jun 12, 2025 9:00 AM;3,864.75;2,391.50;1,611.50;5,172.00;24,332.50;92.00;-;4,289.75;1,781.50;2,386.75;1,888.00;1,433.25
Jun 12, 2025 9:00 AM;Jun 12, 2025 10:00 AM;3,850.75;2,192.25;1,579.25;4,558.75;35,039.00;72.25;-;2,938.75;1,181.50;1,912.25;247.00;1,442.25
Jun 12, 2025 10:00 AM;Jun 12, 2025 11:00 AM;3,846.00;2,172.75;1,567.50;4,786.75;43,105.50;72.00;-;2,810.75;1,041.25;1,737.50;191.75;1,397.50
Jun 12, 2025 11:00 AM;Jun 12, 2025 12:00 PM;3,844.25;2,163.50;667.25;5,161.75;46,571.50;72.00;-;2,761.50;1,057.25;1,667.00;82.50;1,414.50
Jun 12, 2025 12:00 PM;Jun 12, 2025 1:00 PM;3,816.00;1,912.00;148.50;6,099.00;47,255.50;72.00;-;2,755.00;1,133.00;1,659.00;20.50;1,303.00
Jun 12, 2025 1:00 PM;Jun 12, 2025 2:00 PM;3,833.75;1,896.75;181.25;6,665.50;46,376.25;72.00;-;2,743.75;1,205.50;1,664.00;1.00;1,296.50
Jun 12, 2025 2:00 PM;Jun 12, 2025 3:00 PM;3,834.25;1,845.75;485.75;6,784.25;44,324.25;84.25;-;2,836.75;1,183.25;1,664.00;102.75;1,260.75
Jun 12, 2025 3:00 PM;Jun 12, 2025 4:00 PM;3,838.00;2,002.50;636.25;8,487.25;41,221.00;92.00;-;3,018.75;1,263.00;1,714.00;36.00;1,262.00
Jun 12, 2025 4:00 PM;Jun 12, 2025 5:00 PM;3,805.00;2,101.75;1,467.25;10,306.25;36,737.25;92.00;-;3,056.50;1,330.00;1,788.50;3.25;1,277.50
Jun 12, 2025 5:00 PM;Jun 12, 2025 6:00 PM;3,815.00;2,209.50;4,590.25;12,217.25;29,125.00;92.00;-;3,290.50;1,566.75;2,030.25;94.00;1,299.00
Jun 12, 2025 6:00 PM;Jun 12, 2025 7:00 PM;3,834.75;2,233.00;5,331.25;13,221.00;17,884.75;92.00;-;4,257.00;1,527.75;2,515.75;988.25;1,337.25
Jun 12, 2025 7:00 PM;Jun 12, 2025 8:00 PM;3,868.25;2,353.25;5,775.25;13,698.25;8,030.25;92.00;-;5,425.00;1,813.25;3,817.00;5,170.25;1,340.75
Jun 12, 2025 8:00 PM;Jun 12, 2025 9:00 PM;3,897.25;2,793.25;5,508.00;14,467.25;2,498.75;92.00;-;5,386.75;1,849.75;4,813.00;6,418.50;1,340.75
Jun 12, 2025 9:00 PM;Jun 12, 2025 10:00 PM;3,909.50;2,418.00;5,450.25;19,198.00;204.50;92.00;-;5,308.50;1,916.50;5,493.25;5,421.25;1,659.50
Jun 12, 2025 10:00 PM;Jun 12, 2025 11:00 PM;3,884.50;2,213.25;5,220.50;23,072.50;1.25;92.00;-;5,103.25;1,872.25;5,649.00;4,609.00;1,608.75
Jun 12, 2025 11:00 PM;Jun 13, 2025 12:00 AM;3,884.25;2,089.75;4,799.75;24,583.00;0.00;92.00;-;4,893.50;1,725.75;5,972.00;2,355.00;1,376.75
Jun 13, 2025 12:00 AM;Jun 13, 2025 1:00 AM;3,884.50;2,175.00;4,401.75;24,515.75;0.00;92.00;-;4,544.75;1,411.25;5,147.25;325.25;1,436.25
Jun 13, 2025 1:00 AM;Jun 13, 2025 2:00 AM;3,893.75;2,083.25;4,739.50;23,355.00;0.00;92.00;-;4,352.00;1,394.25;4,658.25;356.50;1,395.00
Jun 13, 2025 2:00 AM;Jun 13, 2025 3:00 AM;3,919.25;2,044.75;4,828.25;22,539.75;0.00;92.00;-;4,564.75;1,479.75;4,783.50;391.75;1,359.75
Jun 13, 2025 3:00 AM;Jun 13, 2025 4:00 AM;3,928.75;2,064.50;4,732.50;21,653.50;0.00;92.00;-;4,616.75;1,479.75;4,854.00;367.00;1,346.75
Jun 13, 2025 4:00 AM;Jun 13, 2025 5:00 AM;3,919.50;2,181.25;4,786.50;20,449.75;9.00;92.00;-;4,747.25;1,475.00;4,596.00;582.25;1,346.75
Jun 13, 2025 5:00 AM;Jun 13, 2025 6:00 AM;3,911.25;2,194.50;4,771.50;19,432.75;777.25;92.00;-;5,118.00;1,297.00;4,714.25;602.25;1,302.50
Jun 13, 2025 6:00 AM;Jun 13, 2025 7:00 AM;3,935.75;2,187.25;4,854.50;17,560.00;4,548.25;92.00;-;5,414.25;1,466.25;4,864.75;3,103.00;1,329.75
Jun 13, 2025 7:00 AM;Jun 13, 2025 8:00 AM;3,923.25;2,160.00;5,064.25;14,362.25;12,538.25;92.00;-;4,856.00;1,833.25;4,251.00;3,569.75;1,781.75
Jun 13, 2025 8:00 AM;Jun 13, 2025 9:00 AM;3,916.50;2,160.50;4,699.00;10,791.75;23,234.25;92.00;-;4,003.50;1,481.00;3,720.50;1,567.25;1,799.25
Jun 13, 2025 9:00 AM;Jun 13, 2025 10:00 AM;3,878.25;2,164.75;2,992.00;9,394.00;33,847.50;92.00;-;3,499.50;1,414.75;2,992.75;98.00;1,784.25
Jun 13, 2025 10:00 AM;Jun 13, 2025 11:00 AM;3,833.25;2,009.75;2,796.00;9,153.50;42,145.25;92.00;-;3,091.75;1,401.00;2,245.75;7.50;1,765.25
Jun 13, 2025 11:00 AM;Jun 13, 2025 12:00 PM;3,840.25;2,044.25;1,375.75;8,895.00;47,258.25;92.00;-;3,031.00;893.50;1,747.50;33.25;1,619.00
Jun 13, 2025 12:00 PM;Jun 13, 2025 1:00 PM;3,793.50;1,953.25;1,239.25;8,856.50;49,186.75;92.00;-;3,005.75;749.75;1,682.50;1.25;1,670.25
Jun 13, 2025 1:00 PM;Jun 13, 2025 2:00 PM;3,808.50;1,941.00;1,090.00;9,030.25;48,855.25;92.00;-;2,991.75;745.75;1,672.50;29.25;1,738.25
Jun 13, 2025 2:00 PM;Jun 13, 2025 3:00 PM;3,842.25;1,994.50;1,183.75;9,044.00;46,496.00;92.00;-;2,985.25;712.50;1,681.75;0.00;1,325.25
Jun 13, 2025 3:00 PM;Jun 13, 2025 4:00 PM;3,837.00;2,012.00;1,416.50;9,625.00;43,308.50;87.25;-;3,011.50;719.75;1,704.25;56.50;1,340.75
Jun 13, 2025 4:00 PM;Jun 13, 2025 5:00 PM;3,834.75;2,072.50;1,996.25;10,169.75;37,615.50;92.00;-;3,028.75;771.50;1,735.75;105.50;1,365.00
Jun 13, 2025 5:00 PM;Jun 13, 2025 6:00 PM;3,834.25;2,120.00;3,009.75;10,707.25;28,641.25;92.00;-;3,811.50;995.00;1,891.00;326.25;1,411.00
Jun 13, 2025 6:00 PM;Jun 13, 2025 7:00 PM;3,849.50;2,202.25;3,210.25;11,348.00;17,569.75;92.00;-;5,117.50;1,179.25;2,701.50;2,974.00;1,437.50
Jun 13, 2025 7:00 PM;Jun 13, 2025 8:00 PM;3,903.00;2,537.25;3,688.00;12,353.50;7,936.50;92.00;-;5,832.75;1,261.50;4,139.00;5,947.25;1,458.75
Jun 13, 2025 8:00 PM;Jun 13, 2025 9:00 PM;3,945.75;2,495.00;4,330.00;14,167.00;2,547.00;92.00;-;6,120.50;1,477.00;4,831.50;5,679.00;1,488.75
Jun 13, 2025 9:00 PM;Jun 13, 2025 10:00 PM;3,957.00;2,276.50;5,215.50;19,266.25;205.50;92.00;-;5,777.00;1,483.00;4,762.50;4,587.00;1,504.75
Jun 13, 2025 10:00 PM;Jun 13, 2025 11:00 PM;3,936.00;2,103.50;5,001.00;23,150.00;2.75;92.00;-;4,731.00;1,597.50;4,878.00;4,944.75;1,515.00
Jun 13, 2025 11:00 PM;Jun 14, 2025 12:00 AM;3,925.25;2,111.50;4,901.50;24,192.75;0.00;92.00;-;4,014.50;1,344.50;4,792.25;2,978.00;1,531.75
Jun 14, 2025 12:00 AM;Jun 14, 2025 1:00 AM;3,932.25;2,139.00;4,954.50;23,285.50;0.00;92.00;-;3,307.75;889.50;4,294.50;1,756.25;1,547.25
Jun 14, 2025 1:00 AM;Jun 14, 2025 2:00 AM;3,943.50;2,071.75;5,131.50;22,387.50;0.00;92.00;-;3,197.00;860.75;3,937.75;960.25;1,525.50
Jun 14, 2025 2:00 AM;Jun 14, 2025 3:00 AM;3,972.75;2,108.25;5,302.00;21,403.50;0.00;92.00;-;3,018.50;909.75;3,963.75;465.00;1,528.75
Jun 14, 2025 3:00 AM;Jun 14, 2025 4:00 AM;3,972.75;2,135.50;5,185.00;20,387.25;0.00;92.00;-;3,101.75;977.25;3,933.75;264.75;1,531.00
Jun 14, 2025 4:00 AM;Jun 14, 2025 5:00 AM;3,954.50;2,133.00;5,127.00;18,852.25;10.25;92.00;-;3,266.25;974.00;4,154.25;487.75;1,533.00
Jun 14, 2025 5:00 AM;Jun 14, 2025 6:00 AM;3,930.00;2,169.75;5,328.50;18,588.25;823.75;93.00;-;3,452.50;900.00;3,507.00;451.25;1,510.25
Jun 14, 2025 6:00 AM;Jun 14, 2025 7:00 AM;3,955.75;2,274.25;5,709.75;17,203.00;4,662.25;94.00;-;3,625.75;910.00;3,075.50;447.75;1,491.00
Jun 14, 2025 7:00 AM;Jun 14, 2025 8:00 AM;3,934.50;2,122.25;5,533.25;14,030.25;12,470.00;94.00;-;3,028.00;810.00;3,048.50;297.25;1,502.50
Jun 14, 2025 8:00 AM;Jun 14, 2025 9:00 AM;3,883.75;2,086.50;5,246.25;11,426.25;22,986.75;94.00;-;2,802.25;889.75;2,674.50;185.25;1,492.50
Jun 14, 2025 9:00 AM;Jun 14, 2025 10:00 AM;3,836.25;2,029.25;4,846.50;10,675.25;33,433.75;94.00;-;2,753.00;781.25;2,223.25;55.00;1,435.50
Jun 14, 2025 10:00 AM;Jun 14, 2025 11:00 AM;3,842.75;1,954.25;2,384.50;9,459.50;39,674.00;94.00;-;2,748.75;471.50;1,850.50;146.00;1,433.75
Jun 14, 2025 11:00 AM;Jun 14, 2025 12:00 PM;3,847.75;1,760.00;1,364.00;8,402.25;42,599.75;92.50;-;2,714.00;477.00;1,812.75;79.50;1,430.50
Jun 14, 2025 12:00 PM;Jun 14, 2025 1:00 PM;3,825.50;1,497.25;1,118.75;7,128.50;43,785.00;92.00;-;2,716.50;481.75;1,805.75;83.00;1,403.50
Jun 14, 2025 1:00 PM;Jun 14, 2025 2:00 PM;3,820.25;1,473.50;1,043.50;5,425.00;43,600.00;92.00;-;2,693.50;489.00;1,780.75;143.25;1,401.75
Jun 14, 2025 2:00 PM;Jun 14, 2025 3:00 PM;3,804.25;1,568.25;994.00;6,460.50;41,630.00;92.00;-;2,683.00;479.75;1,703.50;144.25;1,328.00
Jun 14, 2025 3:00 PM;Jun 14, 2025 4:00 PM;3,779.50;1,735.00;887.00;7,095.50;38,163.75;92.00;-;2,693.50;480.50;1,685.25;42.25;1,279.25
Jun 14, 2025 4:00 PM;Jun 14, 2025 5:00 PM;3,781.75;1,864.25;990.50;6,816.75;32,780.75;91.25;-;2,712.00;487.25;1,689.25;22.75;1,296.25
Jun 14, 2025 5:00 PM;Jun 14, 2025 6:00 PM;3,787.50;1,986.75;1,794.00;6,630.25;25,359.75;80.50;-;2,945.00;593.50;1,809.75;113.50;1,386.75
Jun 14, 2025 6:00 PM;Jun 14, 2025 7:00 PM;3,803.50;2,112.00;1,730.75;6,066.00;15,470.50;73.50;-;4,653.75;703.75;2,668.75;1,212.75;1,379.25
Jun 14, 2025 7:00 PM;Jun 14, 2025 8:00 PM;3,846.00;2,549.75;1,786.25;6,078.50;7,046.25;92.00;-;5,279.75;659.50;4,152.00;4,255.00;1,368.25
Jun 14, 2025 8:00 PM;Jun 14, 2025 9:00 PM;3,888.00;2,682.75;1,674.75;6,283.50;2,310.25;92.00;-;5,295.50;645.50;4,944.75;5,997.25;1,449.00
Jun 14, 2025 9:00 PM;Jun 14, 2025 10:00 PM;3,874.75;2,687.00;1,681.00;7,136.00;183.00;92.00;-;5,379.25;660.75;5,238.50;5,888.50;1,564.00
Jun 14, 2025 10:00 PM;Jun 14, 2025 11:00 PM;3,868.00;2,579.00;1,980.00;8,502.75;2.00;92.00;-;5,489.25;671.00;5,133.00;4,943.50;1,556.25
Jun 14, 2025 11:00 PM;Jun 15, 2025 12:00 AM;3,883.00;2,339.50;2,369.00;9,713.50;0.00;92.00;-;5,434.00;645.00;4,569.75;3,271.50;1,423.50
Jun 15, 2025 12:00 AM;Jun 15, 2025 1:00 AM;3,882.75;2,495.00;2,587.00;9,916.00;0.00;92.00;-;5,302.75;583.00;3,913.00;2,581.25;1,452.00
Jun 15, 2025 1:00 AM;Jun 15, 2025 2:00 AM;3,893.75;2,325.50;2,526.50;9,488.50;0.00;92.00;-;5,287.00;588.25;3,259.50;1,950.50;1,343.00
Jun 15, 2025 2:00 AM;Jun 15, 2025 3:00 AM;3,907.25;2,210.75;1,957.25;8,680.50;0.00;92.00;-;5,207.50;562.00;3,193.75;950.25;1,314.25
Jun 15, 2025 3:00 AM;Jun 15, 2025 4:00 AM;3,918.50;2,531.50;1,647.25;7,215.00;0.00;92.00;-;5,328.00;568.00;3,174.50;870.25;1,315.75
Jun 15, 2025 4:00 AM;Jun 15, 2025 5:00 AM;3,911.75;2,345.50;1,765.75;7,039.25;9.50;92.00;-;5,300.75;563.75;3,157.50;788.25;1,328.25
Jun 15, 2025 5:00 AM;Jun 15, 2025 6:00 AM;3,883.25;2,080.75;1,949.25;6,683.00;810.25;92.00;-;5,053.25;565.50;3,111.75;214.25;1,373.00
Jun 15, 2025 6:00 AM;Jun 15, 2025 7:00 AM;3,896.50;2,002.25;2,113.50;5,597.50;3,956.00;92.00;-;4,182.50;559.75;2,630.00;216.00;1,371.75
Jun 15, 2025 7:00 AM;Jun 15, 2025 8:00 AM;3,893.25;1,997.75;1,843.25;4,587.00;9,539.25;92.00;-;3,444.25;458.25;2,425.00;483.75;1,361.75
Jun 15, 2025 8:00 AM;Jun 15, 2025 9:00 AM;3,907.75;1,976.50;1,207.00;4,240.75;16,008.00;92.00;-;2,918.75;474.50;2,298.50;339.75;1,361.25
Jun 15, 2025 9:00 AM;Jun 15, 2025 10:00 AM;3,886.00;1,944.50;1,574.00;3,371.25;22,555.25;92.00;-;2,922.00;479.25;1,822.25;166.25;1,370.75
Jun 15, 2025 10:00 AM;Jun 15, 2025 11:00 AM;3,830.00;1,928.75;1,223.50;3,246.25;27,453.50;92.00;-;2,937.00;477.25;1,647.00;69.00;1,396.50
Jun 15, 2025 11:00 AM;Jun 15, 2025 12:00 PM;3,827.50;2,013.50;986.75;3,807.00;29,660.75;92.00;-;2,946.75;474.00;1,626.50;71.50;1,395.75
Jun 15, 2025 12:00 PM;Jun 15, 2025 1:00 PM;3,816.25;1,979.75;647.50;4,815.50;29,470.50;92.00;-;2,926.50;470.25;1,591.00;109.50;1,270.25
Jun 15, 2025 1:00 PM;Jun 15, 2025 2:00 PM;3,801.25;1,840.00;368.25;4,420.75;27,696.50;92.00;-;2,754.50;473.50;1,583.75;81.75;1,283.50
Jun 15, 2025 2:00 PM;Jun 15, 2025 3:00 PM;3,758.00;1,825.25;576.75;5,070.50;27,442.50;92.00;-;2,672.00;483.25;1,592.00;85.00;1,307.50
Jun 15, 2025 3:00 PM;Jun 15, 2025 4:00 PM;3,709.50;1,815.50;607.25;6,991.50;23,345.25;92.00;-;2,624.50;689.25;1,603.50;63.00;1,359.75
Jun 15, 2025 4:00 PM;Jun 15, 2025 5:00 PM;3,701.50;2,006.50;1,294.25;9,829.25;19,388.75;92.00;-;3,314.75;838.75;1,655.75;53.50;1,347.25
Jun 15, 2025 5:00 PM;Jun 15, 2025 6:00 PM;3,723.00;2,112.00;1,918.50;12,250.00;14,252.50;92.00;-;4,022.25;1,232.25;2,099.25;134.50;1,350.50
Jun 15, 2025 6:00 PM;Jun 15, 2025 7:00 PM;3,784.50;2,104.50;2,002.00;13,667.50;8,510.50;92.00;-;5,568.25;1,883.00;2,791.75;360.00;1,351.00
Jun 15, 2025 7:00 PM;Jun 15, 2025 8:00 PM;3,807.50;2,159.25;2,087.00;13,975.75;4,203.75;92.00;-;6,603.75;2,480.00;3,346.00;1,785.75;1,350.50
Jun 15, 2025 8:00 PM;Jun 15, 2025 9:00 PM;3,790.50;2,256.50;2,317.50;13,340.75;1,435.50;92.00;-;6,591.00;2,969.25;3,838.00;2,134.00;1,369.25
Jun 15, 2025 9:00 PM;Jun 15, 2025 10:00 PM;3,801.25;2,295.75;2,333.75;11,883.25;159.25;92.00;-;6,853.50;3,361.75;3,958.00;3,543.25;1,381.50
Jun 15, 2025 10:00 PM;Jun 15, 2025 11:00 PM;3,847.75;2,360.75;2,384.50;10,970.25;2.75;92.00;-;7,601.75;3,296.75;4,088.75;3,539.25;1,402.75
Jun 15, 2025 11:00 PM;Jun 16, 2025 12:00 AM;3,890.75;2,244.75;2,920.00;12,168.50;0.00;92.00;-;8,395.00;3,107.50;3,498.75;1,974.25;1,434.25
Jun 16, 2025 12:00 AM;Jun 16, 2025 1:00 AM;3,877.50;2,194.00;2,973.00;12,847.00;0.00;92.00;-;8,255.00;3,035.75;2,871.00;403.75;1,498.75
Jun 16, 2025 1:00 AM;Jun 16, 2025 2:00 AM;3,860.25;2,144.25;3,437.25;12,994.25;0.00;93.00;-;7,823.00;2,601.75;2,721.00;339.25;1,458.25
Jun 16, 2025 2:00 AM;Jun 16, 2025 3:00 AM;3,876.25;2,156.25;3,431.50;13,457.75;0.00;93.00;-;7,726.25;2,141.75;2,674.00;83.00;1,455.75
Jun 16, 2025 3:00 AM;Jun 16, 2025 4:00 AM;3,867.00;2,169.75;3,027.75;13,431.50;0.00;93.00;-;7,391.50;2,171.25;2,677.00;313.50;1,453.75
Jun 16, 2025 4:00 AM;Jun 16, 2025 5:00 AM;3,869.50;2,230.50;2,285.00;13,172.00;5.25;93.00;-;7,480.75;2,230.75;2,786.75;294.50;1,453.00
Jun 16, 2025 5:00 AM;Jun 16, 2025 6:00 AM;3,880.00;2,192.75;1,830.25;12,880.25;440.25;93.00;-;8,116.50;2,855.50;3,158.00;248.00;1,439.50
Jun 16, 2025 6:00 AM;Jun 16, 2025 7:00 AM;3,880.75;2,331.75;1,868.00;11,370.50;2,910.50;93.00;-;8,432.00;2,981.00;3,721.25;3,522.00;1,423.75
Jun 16, 2025 7:00 AM;Jun 16, 2025 8:00 AM;3,852.50;2,721.00;1,988.00;9,832.00;7,900.00;93.00;-;7,994.75;2,774.75;3,735.50;4,747.75;1,409.25
Jun 16, 2025 8:00 AM;Jun 16, 2025 9:00 AM;3,808.25;2,846.50;1,710.00;8,870.75;15,463.75;93.00;-;7,939.75;2,636.75;3,330.50;2,823.50;1,383.75
Jun 16, 2025 9:00 AM;Jun 16, 2025 10:00 AM;3,800.25;2,474.00;1,689.75;8,277.50;24,148.75;92.75;-;7,065.75;1,804.00;2,414.00;647.75;1,277.00
Jun 16, 2025 10:00 AM;Jun 16, 2025 11:00 AM;3,795.50;2,364.00;1,660.00;8,529.25;31,217.00;92.00;-;5,076.25;1,077.25;1,865.25;228.50;1,329.00
Jun 16, 2025 11:00 AM;Jun 16, 2025 12:00 PM;3,794.50;2,307.00;2,467.25;9,081.00;34,912.25;92.00;-;4,335.25;1,053.25;1,775.50;166.50;1,437.50
Jun 16, 2025 12:00 PM;Jun 16, 2025 1:00 PM;3,793.75;2,461.00;2,772.50;10,044.25;35,138.00;92.00;-;4,297.25;919.50;1,724.00;179.00;1,459.00
Jun 16, 2025 1:00 PM;Jun 16, 2025 2:00 PM;3,784.00;2,486.50;2,649.50;10,589.00;34,404.25;92.00;-;4,401.25;870.75;1,798.75;302.50;1,342.00
Jun 16, 2025 2:00 PM;Jun 16, 2025 3:00 PM;3,775.00;2,344.75;2,646.00;10,511.00;33,370.00;92.00;-;4,223.50;849.00;1,834.00;0.00;1,334.75
Jun 16, 2025 3:00 PM;Jun 16, 2025 4:00 PM;3,760.00;2,324.50;2,812.25;10,453.75;31,565.25;92.00;-;4,212.00;848.25;1,900.75;0.00;1,327.50
Jun 16, 2025 4:00 PM;Jun 16, 2025 5:00 PM;3,773.75;2,417.75;2,816.00;10,118.25;28,183.00;92.00;-;4,294.75;817.75;1,919.25;3.00;1,313.75
Jun 16, 2025 5:00 PM;Jun 16, 2025 6:00 PM;3,806.50;2,440.75;2,397.25;9,125.75;22,529.75;92.00;-;5,647.25;1,580.75;2,188.50;113.75;1,313.00
Jun 16, 2025 6:00 PM;Jun 16, 2025 7:00 PM;3,840.00;2,423.25;2,705.75;8,175.75;15,209.25;92.00;-;8,581.50;2,725.50;3,640.50;961.00;1,346.50
Jun 16, 2025 7:00 PM;Jun 16, 2025 8:00 PM;3,885.75;2,409.25;2,488.50;6,938.75;7,866.00;92.00;-;9,315.75;3,818.50;5,551.25;2,020.75;1,394.75
Jun 16, 2025 8:00 PM;Jun 16, 2025 9:00 PM;3,926.75;2,623.00;2,164.25;5,635.50;2,748.50;92.00;-;9,500.00;4,665.00;6,374.75;3,313.50;1,433.75
Jun 16, 2025 9:00 PM;Jun 16, 2025 10:00 PM;3,933.75;2,757.00;1,897.00;5,326.25;229.25;92.00;-;9,622.75;4,609.50;6,622.50;4,564.50;1,405.25
Jun 16, 2025 10:00 PM;Jun 16, 2025 11:00 PM;3,914.25;2,711.00;1,799.75;5,351.00;2.50;92.00;-;9,811.75;4,286.75;6,809.50;4,121.00;1,397.25
Jun 16, 2025 11:00 PM;Jun 17, 2025 12:00 AM;3,907.75;2,396.75;1,730.00;5,945.00;0.00;92.00;-;9,807.00;4,102.25;6,056.00;2,438.75;1,403.75
Jun 17, 2025 12:00 AM;Jun 17, 2025 1:00 AM;3,908.00;2,342.00;1,905.25;5,697.75;0.00;90.50;-;9,689.00;4,047.25;4,580.25;827.75;1,607.25
Jun 17, 2025 1:00 AM;Jun 17, 2025 2:00 AM;3,903.75;2,258.25;1,799.75;5,016.75;0.00;76.25;-;9,724.50;4,050.25;3,772.50;799.25;1,450.00
Jun 17, 2025 2:00 AM;Jun 17, 2025 3:00 AM;3,919.00;2,165.25;1,641.00;4,213.00;0.00;82.00;-;9,706.75;4,061.50;3,622.50;149.50;1,404.75
Jun 17, 2025 3:00 AM;Jun 17, 2025 4:00 AM;3,925.50;2,218.25;1,619.75;3,589.75;0.00;82.00;-;9,728.00;4,060.00;3,615.25;392.25;1,398.50
Jun 17, 2025 4:00 AM;Jun 17, 2025 5:00 AM;3,918.50;2,228.25;1,790.00;2,912.75;9.00;82.00;-;9,781.25;4,052.25;3,712.75;884.25;1,426.50
Jun 17, 2025 5:00 AM;Jun 17, 2025 6:00 AM;3,909.50;2,601.00;2,077.00;2,485.25;787.25;82.00;-;9,819.75;4,141.50;3,793.25;1,090.25;1,407.50
Jun 17, 2025 6:00 AM;Jun 17, 2025 7:00 AM;3,919.75;2,695.75;2,152.00;1,929.00;4,399.25;82.00;-;9,821.25;4,230.50;3,874.50;2,960.50;1,399.75
Jun 17, 2025 7:00 AM;Jun 17, 2025 8:00 AM;3,924.00;2,548.00;2,287.50;1,380.50;12,443.75;82.50;-;9,712.00;3,929.25;3,763.50;2,310.50;1,397.75
Jun 17, 2025 8:00 AM;Jun 17, 2025 9:00 AM;3,901.50;2,569.00;2,590.50;983.25;23,074.50;83.00;-;8,860.00;2,314.25;3,154.00;1,082.25;1,395.00
Jun 17, 2025 9:00 AM;Jun 17, 2025 10:00 AM;3,905.25;2,240.75;2,948.50;1,232.50;33,312.00;83.00;-;5,237.00;1,417.00;2,333.50;285.50;1,399.00
Jun 17, 2025 10:00 AM;Jun 17, 2025 11:00 AM;3,883.00;2,226.75;3,089.00;1,806.75;40,977.25;83.00;-;4,460.00;801.00;1,860.50;133.00;1,397.25
Jun 17, 2025 11:00 AM;Jun 17, 2025 12:00 PM;3,868.25;2,241.75;3,251.25;1,748.50;43,160.75;83.00;-;4,499.25;838.00;1,692.25;168.00;1,380.50
Jun 17, 2025 12:00 PM;Jun 17, 2025 1:00 PM;3,854.75;2,073.50;3,357.00;2,185.50;46,126.00;83.00;-;4,491.00;881.75;1,650.25;97.50;1,386.25
Jun 17, 2025 1:00 PM;Jun 17, 2025 2:00 PM;3,806.00;2,043.50;2,400.25;2,284.75;47,069.75;83.00;-;4,489.00;865.25;1,679.25;154.75;1,412.50
Jun 17, 2025 2:00 PM;Jun 17, 2025 3:00 PM;3,782.00;2,072.00;2,227.50;2,161.50;44,881.25;82.75;-;4,507.25;857.00;1,707.25;86.50;1,407.75
Jun 17, 2025 3:00 PM;Jun 17, 2025 4:00 PM;3,775.25;2,031.50;3,027.50;2,511.00;41,423.25;82.00;-;4,507.50;814.25;1,730.25;91.00;1,433.75
Jun 17, 2025 4:00 PM;Jun 17, 2025 5:00 PM;3,780.75;2,043.25;3,227.50;3,122.50;36,687.75;82.00;-;4,882.00;848.50;1,874.25;108.75;1,413.00
Jun 17, 2025 5:00 PM;Jun 17, 2025 6:00 PM;3,789.75;2,227.75;3,471.75;3,418.25;28,375.50;82.00;-;6,335.25;1,869.25;2,366.50;255.25;1,409.25
Jun 17, 2025 6:00 PM;Jun 17, 2025 7:00 PM;3,819.25;2,417.75;3,112.25;2,740.25;17,473.00;82.00;-;9,605.00;3,290.00;4,266.00;1,587.00;1,398.75
Jun 17, 2025 7:00 PM;Jun 17, 2025 8:00 PM;3,858.50;2,551.25;2,602.75;2,246.00;7,883.00;82.00;-;10,282.25;4,135.50;7,041.75;3,494.75;1,460.25
Jun 17, 2025 8:00 PM;Jun 17, 2025 9:00 PM;3,880.25;2,527.75;2,372.50;2,317.75;2,810.75;82.00;-;10,604.75;4,396.50;8,121.00;3,604.50;1,444.50
Jun 17, 2025 9:00 PM;Jun 17, 2025 10:00 PM;3,908.50;2,540.25;1,945.50;2,417.75;287.00;82.00;-;10,630.00;4,266.00;8,356.25;4,314.50;1,427.00
Jun 17, 2025 10:00 PM;Jun 17, 2025 11:00 PM;3,915.00;2,568.50;1,692.00;2,595.00;3.25;82.00;-;10,644.75;4,269.75;8,035.50;4,471.25;1,426.75
Jun 17, 2025 11:00 PM;Jun 18, 2025 12:00 AM;3,915.50;2,424.25;1,577.25;3,066.50;0.00;82.00;-;10,482.50;4,233.00;7,582.25;2,677.25;1,416.00
Jun 18, 2025 12:00 AM;Jun 18, 2025 1:00 AM;3,914.50;2,396.50;1,582.75;3,193.50;0.00;81.00;-;10,370.75;4,412.50;5,943.75;1,244.75;1,456.75
Jun 18, 2025 1:00 AM;Jun 18, 2025 2:00 AM;3,917.00;2,273.50;1,850.00;3,357.00;0.00;81.00;-;10,382.25;4,468.00;5,078.00;700.50;1,414.75
Jun 18, 2025 2:00 AM;Jun 18, 2025 3:00 AM;3,941.50;2,075.50;1,741.50;3,676.25;0.00;81.00;-;10,455.50;4,275.75;4,908.50;41.00;1,428.75
Jun 18, 2025 3:00 AM;Jun 18, 2025 4:00 AM;3,938.00;2,083.75;1,816.00;3,921.00;0.00;81.00;-;10,542.00;4,230.00;4,907.50;17.00;1,441.00
Jun 18, 2025 4:00 AM;Jun 18, 2025 5:00 AM;3,937.75;2,126.75;1,760.75;4,143.75;9.00;81.00;-;10,617.50;4,140.50;4,905.25;73.25;1,446.00
Jun 18, 2025 5:00 AM;Jun 18, 2025 6:00 AM;3,937.00;2,241.50;1,531.00;4,305.25;812.75;81.00;-;10,626.00;4,238.25;4,998.75;447.75;1,426.25
Jun 18, 2025 6:00 AM;Jun 18, 2025 7:00 AM;3,938.50;2,278.50;1,195.00;4,144.25;4,618.50;81.00;-;10,488.50;4,315.75;4,888.50;2,602.00;1,426.75
Jun 18, 2025 7:00 AM;Jun 18, 2025 8:00 AM;3,952.25;2,454.50;1,007.00;3,136.75;11,985.00;81.00;-;10,329.75;4,268.25;4,926.00;3,157.25;1,420.50
Jun 18, 2025 8:00 AM;Jun 18, 2025 9:00 AM;3,933.00;2,180.75;870.25;2,329.00;22,204.25;81.00;-;9,428.50;3,451.00;3,630.25;1,470.25;1,430.75
Jun 18, 2025 9:00 AM;Jun 18, 2025 10:00 AM;3,914.00;2,143.25;341.75;2,744.75;32,491.25;81.00;-;6,947.50;2,351.75;3,214.00;212.00;1,426.75
Jun 18, 2025 10:00 AM;Jun 18, 2025 11:00 AM;3,899.25;2,154.75;369.50;3,263.75;40,240.00;81.00;-;4,726.25;1,425.25;2,603.25;197.25;1,419.75
Jun 18, 2025 11:00 AM;Jun 18, 2025 12:00 PM;3,869.50;2,075.75;612.00;4,029.25;44,660.50;81.00;-;4,240.75;1,401.25;2,404.50;171.75;1,407.50
Jun 18, 2025 12:00 PM;Jun 18, 2025 1:00 PM;3,821.50;1,993.00;658.50;4,875.25;45,688.00;81.00;-;4,224.75;1,199.25;2,055.75;6.25;1,350.75
Jun 18, 2025 1:00 PM;Jun 18, 2025 2:00 PM;3,806.00;2,005.00;775.75;5,801.75;45,032.75;81.00;-;4,218.25;1,194.00;2,099.75;20.25;1,343.75
Jun 18, 2025 2:00 PM;Jun 18, 2025 3:00 PM;3,778.75;1,974.75;1,283.25;6,546.75;42,556.75;81.00;-;4,178.50;1,038.25;1,902.50;23.00;1,335.00
Jun 18, 2025 3:00 PM;Jun 18, 2025 4:00 PM;3,774.75;1,908.00;1,482.75;7,965.50;39,308.50;81.00;-;4,289.00;981.00;1,886.00;180.75;1,327.00
Jun 18, 2025 4:00 PM;Jun 18, 2025 5:00 PM;3,787.50;1,993.75;1,723.00;8,969.75;34,300.75;81.00;-;4,429.75;1,648.50;2,301.50;117.75;1,397.25
Jun 18, 2025 5:00 PM;Jun 18, 2025 6:00 PM;3,781.50;2,082.75;2,296.75;9,062.25;25,837.25;82.00;-;5,815.75;2,627.00;3,276.25;67.75;1,407.50
Jun 18, 2025 6:00 PM;Jun 18, 2025 7:00 PM;3,826.75;2,088.75;2,334.75;8,351.75;16,575.00;81.00;-;7,909.00;3,707.00;4,676.75;831.25;1,408.25
Jun 18, 2025 7:00 PM;Jun 18, 2025 8:00 PM;3,859.25;2,212.25;2,356.00;7,558.00;8,091.00;81.00;-;9,240.50;4,148.50;6,367.75;2,938.00;1,390.75
Jun 18, 2025 8:00 PM;Jun 18, 2025 9:00 PM;3,883.75;2,731.25;2,378.75;6,345.00;2,751.25;81.00;-;9,668.00;4,383.00;6,684.75;4,478.75;1,401.00
Jun 18, 2025 9:00 PM;Jun 18, 2025 10:00 PM;3,890.25;2,758.75;2,247.75;6,208.75;252.50;81.00;-;9,683.25;4,425.00;6,946.75;4,673.00;1,416.50
Jun 18, 2025 10:00 PM;Jun 18, 2025 11:00 PM;3,881.00;2,830.25;2,186.75;6,075.25;3.50;81.00;-;9,694.00;4,474.50;6,959.50;4,266.75;1,420.50
Jun 18, 2025 11:00 PM;Jun 19, 2025 12:00 AM;3,866.50;2,645.50;2,216.50;6,710.25;0.00;81.00;-;9,388.75;4,490.75;6,506.50;3,406.00;1,407.00
Jun 19, 2025 12:00 AM;Jun 19, 2025 1:00 AM;3,854.25;2,086.00;2,608.50;7,209.00;0.00;81.00;-;8,989.25;4,223.75;5,108.00;2,045.25;1,461.00
Jun 19, 2025 1:00 AM;Jun 19, 2025 2:00 AM;3,862.00;2,059.75;2,963.00;8,059.75;0.00;81.00;-;8,660.50;3,872.50;3,702.00;1,423.75;1,389.50
Jun 19, 2025 2:00 AM;Jun 19, 2025 3:00 AM;3,907.00;2,053.00;3,271.50;9,045.50;0.00;81.00;-;7,818.75;3,806.50;3,280.50;1,026.25;1,405.50
Jun 19, 2025 3:00 AM;Jun 19, 2025 4:00 AM;3,917.50;1,964.75;3,711.50;9,487.00;0.00;81.00;-;7,608.75;3,779.00;3,221.25;338.50;1,441.75
Jun 19, 2025 4:00 AM;Jun 19, 2025 5:00 AM;3,921.00;2,017.75;3,686.75;9,726.50;8.75;81.00;-;7,647.00;3,618.00;3,150.50;226.00;1,445.25
Jun 19, 2025 5:00 AM;Jun 19, 2025 6:00 AM;3,908.50;2,018.75;3,928.75;10,169.50;736.00;81.00;-;7,631.25;2,807.75;3,106.00;560.25;1,415.50
Jun 19, 2025 6:00 AM;Jun 19, 2025 7:00 AM;3,915.50;2,044.75;3,946.75;9,614.75;4,445.00;81.00;-;7,071.00;2,206.00;2,761.00;1,367.75;1,362.50
Jun 19, 2025 7:00 AM;Jun 19, 2025 8:00 AM;3,886.25;1,981.75;3,489.25;9,528.50;12,040.50;81.00;-;6,003.75;1,346.50;2,682.50;1,325.75;1,368.25
Jun 19, 2025 8:00 AM;Jun 19, 2025 9:00 AM;3,853.00;1,871.25;2,954.25;10,554.25;22,347.75;81.00;-;4,253.50;832.75;2,099.00;468.25;1,399.25
Jun 19, 2025 9:00 AM;Jun 19, 2025 10:00 AM;3,817.25;1,866.50;2,158.75;10,891.00;32,455.75;81.00;-;3,158.50;844.00;1,724.50;113.50;1,329.25
Jun 19, 2025 10:00 AM;Jun 19, 2025 11:00 AM;3,772.75;1,791.50;840.50;10,010.25;38,101.50;81.00;-;2,789.00;856.00;1,683.50;33.25;1,322.75
Jun 19, 2025 11:00 AM;Jun 19, 2025 12:00 PM;3,788.00;1,503.75;542.50;9,740.75;40,960.50;81.00;-;2,437.50;865.00;1,628.50;5.75;1,313.25
Jun 19, 2025 12:00 PM;Jun 19, 2025 1:00 PM;3,777.75;1,497.00;313.50;8,998.75;42,791.00;81.00;-;2,394.75;856.75;1,578.00;14.50;1,307.50
Jun 19, 2025 1:00 PM;Jun 19, 2025 2:00 PM;3,796.50;1,570.75;281.25;8,138.00;42,849.50;81.00;-;2,382.25;860.25;1,568.25;87.25;1,302.00
Jun 19, 2025 2:00 PM;Jun 19, 2025 3:00 PM;3,814.25;1,500.75;280.75;7,487.75;41,357.50;81.00;-;2,364.50;843.00;1,631.25;144.25;1,289.25
Jun 19, 2025 3:00 PM;Jun 19, 2025 4:00 PM;3,827.00;1,638.00;348.25;9,647.50;38,648.25;81.00;-;2,352.50;829.50;1,661.50;123.75;1,270.00
Jun 19, 2025 4:00 PM;Jun 19, 2025 5:00 PM;3,820.25;1,881.75;437.75;11,776.75;33,935.00;81.00;-;2,567.75;823.75;1,625.50;176.75;1,296.00
Jun 19, 2025 5:00 PM;Jun 19, 2025 6:00 PM;3,800.75;1,986.25;1,431.00;13,840.00;28,415.00;81.00;-;2,615.50;871.50;1,704.25;256.50;1,388.50
Jun 19, 2025 6:00 PM;Jun 19, 2025 7:00 PM;3,850.00;2,097.50;1,557.75;13,196.25;18,468.00;81.00;-;3,522.00;1,763.75;2,109.25;594.25;1,375.75
Jun 19, 2025 7:00 PM;Jun 19, 2025 8:00 PM;3,889.50;2,306.00;1,360.50;11,730.50;8,743.25;81.00;-;5,051.50;2,809.25;3,375.00;3,224.00;1,383.50
Jun 19, 2025 8:00 PM;Jun 19, 2025 9:00 PM;3,916.50;2,413.50;1,331.25;9,985.00;2,864.75;81.00;-;5,262.75;3,511.50;4,504.00;3,832.75;1,417.25
Jun 19, 2025 9:00 PM;Jun 19, 2025 10:00 PM;3,933.50;2,469.25;1,298.50;9,298.00;262.50;81.00;-;5,335.75;3,670.75;4,856.25;5,078.00;1,457.75
Jun 19, 2025 10:00 PM;Jun 19, 2025 11:00 PM;3,914.50;2,389.75;1,281.00;10,328.25;5.00;81.00;-;5,324.25;3,668.75;4,847.25;4,301.25;1,468.25
Jun 19, 2025 11:00 PM;Jun 20, 2025 12:00 AM;3,899.75;2,047.25;1,322.00;11,373.50;0.00;81.00;-;5,331.50;3,571.25;4,645.75;2,193.50;1,472.25
Jun 20, 2025 12:00 AM;Jun 20, 2025 1:00 AM;3,900.00;1,872.00;1,342.75;11,148.25;0.00;81.00;-;5,333.75;3,429.75;3,876.25;764.50;1,254.75
Jun 20, 2025 1:00 AM;Jun 20, 2025 2:00 AM;3,915.00;1,830.75;1,276.00;10,496.25;0.00;81.00;-;5,343.25;3,299.00;3,168.50;269.75;1,241.50
Jun 20, 2025 2:00 AM;Jun 20, 2025 3:00 AM;3,936.75;1,869.50;1,144.25;9,030.00;0.00;81.00;-;5,346.75;3,465.25;3,021.00;281.00;1,248.00
Jun 20, 2025 3:00 AM;Jun 20, 2025 4:00 AM;3,946.75;1,868.75;1,001.00;8,009.50;0.00;81.00;-;5,339.25;3,462.75;3,027.75;258.50;1,260.50
Jun 20, 2025 4:00 AM;Jun 20, 2025 5:00 AM;3,946.00;1,849.00;810.00;7,134.25;9.75;81.00;-;5,346.75;3,409.50;3,012.75;243.50;1,266.50
Jun 20, 2025 5:00 AM;Jun 20, 2025 6:00 AM;3,931.50;1,899.50;601.75;6,418.75;761.00;81.00;-;5,355.50;3,402.50;3,129.50;766.75;1,249.50
Jun 20, 2025 6:00 AM;Jun 20, 2025 7:00 AM;3,932.00;1,985.25;411.00;5,433.25;4,660.25;81.00;-;5,302.00;3,502.00;3,248.25;3,623.75;1,228.00
Jun 20, 2025 7:00 AM;Jun 20, 2025 8:00 AM;3,942.25;1,958.50;365.50;3,235.50;12,952.25;81.00;-;5,215.75;3,326.50;3,144.75;2,991.00;1,230.25
Jun 20, 2025 8:00 AM;Jun 20, 2025 9:00 AM;3,906.25;1,914.00;365.00;1,806.25;24,196.00;81.00;-;4,848.00;2,557.50;2,483.25;1,100.25;1,216.50
Jun 20, 2025 9:00 AM;Jun 20, 2025 10:00 AM;3,874.00;1,921.00;40.00;1,655.25;34,625.75;81.00;-;3,335.25;1,669.50;2,140.75;516.50;1,203.25
Jun 20, 2025 10:00 AM;Jun 20, 2025 11:00 AM;3,854.75;1,880.75;6.50;1,665.50;42,977.50;81.00;-;2,693.25;1,050.50;1,463.50;100.25;1,125.25
Jun 20, 2025 11:00 AM;Jun 20, 2025 12:00 PM;3,869.50;1,910.00;9.25;1,549.25;48,835.50;77.00;-;2,749.25;926.25;1,363.50;109.75;1,106.25
Jun 20, 2025 12:00 PM;Jun 20, 2025 1:00 PM;3,844.00;1,846.50;24.50;1,542.25;51,751.00;71.00;-;2,562.50;899.00;1,388.50;1.50;1,133.00
Jun 20, 2025 1:00 PM;Jun 20, 2025 2:00 PM;3,852.50;1,886.25;9.25;1,432.75;51,652.00;71.00;-;2,510.00;879.50;1,452.00;2.50;1,132.50
Jun 20, 2025 2:00 PM;Jun 20, 2025 3:00 PM;3,858.00;1,912.00;128.00;1,712.25;50,444.00;73.25;-;2,478.00;875.00;1,345.25;29.75;1,125.25
Jun 20, 2025 3:00 PM;Jun 20, 2025 4:00 PM;3,855.75;1,915.00;254.25;1,808.50;46,650.75;81.75;-;2,506.25;863.75;1,360.50;88.50;1,132.75
Jun 20, 2025 4:00 PM;Jun 20, 2025 5:00 PM;3,830.25;1,914.75;245.25;1,908.25;39,893.25;104.75;-;2,794.00;1,086.50;1,461.75;60.50;1,146.25
Jun 20, 2025 5:00 PM;Jun 20, 2025 6:00 PM;3,834.00;2,016.25;219.75;1,998.25;30,442.25;105.00;-;4,543.75;2,523.25;1,815.25;381.25;1,172.00
Jun 20, 2025 6:00 PM;Jun 20, 2025 7:00 PM;3,863.00;2,105.25;177.50;2,082.50;19,069.00;105.00;-;5,662.00;4,065.50;3,331.50;1,406.00;1,143.00
Jun 20, 2025 7:00 PM;Jun 20, 2025 8:00 PM;3,906.25;2,288.00;142.25;2,244.25;8,646.00;105.00;-;6,121.75;4,839.75;4,704.75;3,709.50;1,161.00
Jun 20, 2025 8:00 PM;Jun 20, 2025 9:00 PM;3,921.00;2,383.00;236.75;2,806.50;2,802.75;105.00;-;6,297.75;5,158.75;5,390.50;4,300.50;1,151.75
Jun 20, 2025 9:00 PM;Jun 20, 2025 10:00 PM;3,905.75;2,481.00;369.25;4,180.25;248.75;105.00;-;6,329.25;5,244.00;5,505.00;4,659.25;1,158.00
Jun 20, 2025 10:00 PM;Jun 20, 2025 11:00 PM;3,888.25;2,457.00;406.75;5,083.50;3.50;105.00;-;6,333.50;5,332.50;5,466.75;4,685.25;1,165.50
Jun 20, 2025 11:00 PM;Jun 21, 2025 12:00 AM;3,893.50;2,514.75;340.25;5,474.25;0.00;105.00;-;6,383.00;5,475.25;5,285.25;4,105.25;1,171.75
Jun 21, 2025 12:00 AM;Jun 21, 2025 1:00 AM;3,899.75;2,124.25;312.75;5,444.50;0.00;93.00;-;6,404.50;5,311.25;4,944.50;2,637.25;1,461.50
Jun 21, 2025 1:00 AM;Jun 21, 2025 2:00 AM;3,926.75;2,034.00;347.25;5,489.50;0.00;106.00;-;6,397.00;5,198.25;4,322.75;1,464.75;1,442.75
Jun 21, 2025 2:00 AM;Jun 21, 2025 3:00 AM;3,939.00;2,336.00;382.75;5,232.75;0.00;106.00;-;6,411.00;4,876.00;3,888.75;1,359.00;1,422.00
Jun 21, 2025 3:00 AM;Jun 21, 2025 4:00 AM;3,937.50;1,963.25;405.50;5,019.75;0.00;106.00;-;6,419.25;4,391.00;3,280.50;370.50;1,420.75
Jun 21, 2025 4:00 AM;Jun 21, 2025 5:00 AM;3,923.50;1,899.00;455.75;4,872.25;9.75;106.00;-;6,417.75;4,404.25;3,195.50;379.25;1,445.75
Jun 21, 2025 5:00 AM;Jun 21, 2025 6:00 AM;3,908.50;1,836.00;604.75;5,144.25;811.50;106.00;-;6,453.00;3,797.25;3,089.25;155.75;1,449.75
Jun 21, 2025 6:00 AM;Jun 21, 2025 7:00 AM;3,928.75;1,897.00;634.75;5,060.25;4,760.25;106.00;-;6,310.75;2,948.50;2,704.25;416.00;1,440.25
Jun 21, 2025 7:00 AM;Jun 21, 2025 8:00 AM;3,912.75;1,879.50;649.75;4,333.75;12,889.50;106.00;-;5,306.25;1,549.75;2,472.00;482.00;1,433.25
Jun 21, 2025 8:00 AM;Jun 21, 2025 9:00 AM;3,871.25;1,864.75;672.25;2,438.00;23,920.25;106.00;-;3,021.25;860.75;2,222.25;282.75;1,417.75
Jun 21, 2025 9:00 AM;Jun 21, 2025 10:00 AM;3,846.50;1,753.75;313.50;1,264.00;34,104.50;106.00;-;2,913.75;803.50;1,681.75;107.00;1,380.25
Jun 21, 2025 10:00 AM;Jun 21, 2025 11:00 AM;3,809.00;1,783.25;333.25;874.00;40,409.50;106.00;-;2,561.75;779.25;1,701.50;131.75;1,385.25
Jun 21, 2025 11:00 AM;Jun 21, 2025 12:00 PM;3,819.00;1,755.25;471.50;683.75;42,241.00;96.75;-;2,307.75;764.50;1,589.75;99.50;1,392.00
Jun 21, 2025 12:00 PM;Jun 21, 2025 1:00 PM;3,827.75;1,766.00;301.00;711.50;42,567.00;106.00;-;2,275.00;756.00;1,557.00;64.75;1,365.25
Jun 21, 2025 1:00 PM;Jun 21, 2025 2:00 PM;3,836.75;1,681.25;501.50;719.00;43,964.25;106.00;-;2,276.50;675.25;1,561.00;158.50;1,348.50
Jun 21, 2025 2:00 PM;Jun 21, 2025 3:00 PM;3,814.00;1,697.50;565.00;731.00;43,980.50;106.00;-;2,278.25;708.75;1,509.50;111.00;1,390.00
Jun 21, 2025 3:00 PM;Jun 21, 2025 4:00 PM;3,801.00;1,859.25;641.50;846.25;41,563.75;106.00;-;2,299.50;686.25;1,486.00;147.75;1,393.50
Jun 21, 2025 4:00 PM;Jun 21, 2025 5:00 PM;3,804.00;1,978.00;1,072.75;920.25;37,858.50;106.00;-;2,674.75;690.00;1,469.50;158.25;1,384.50
Jun 21, 2025 5:00 PM;Jun 21, 2025 6:00 PM;3,808.75;1,984.25;1,166.50;990.25;29,602.75;106.00;-;3,084.75;1,226.00;1,584.00;182.00;1,381.25
Jun 21, 2025 6:00 PM;Jun 21, 2025 7:00 PM;3,849.00;1,987.75;1,152.25;1,021.00;18,830.50;106.00;-;4,954.25;2,306.25;2,251.00;1,126.25;1,394.75
Jun 21, 2025 7:00 PM;Jun 21, 2025 8:00 PM;3,896.25;2,353.00;1,002.25;962.50;8,688.25;106.00;-;5,906.00;3,518.00;4,319.00;4,226.50;1,404.25
Jun 21, 2025 8:00 PM;Jun 21, 2025 9:00 PM;3,928.75;2,423.75;790.75;1,196.50;2,882.25;106.00;-;5,975.25;3,810.50;5,028.50;5,091.25;1,404.25
Jun 21, 2025 9:00 PM;Jun 21, 2025 10:00 PM;3,941.75;2,393.50;773.75;1,889.50;264.00;106.00;-;5,999.75;3,970.25;5,176.25;5,113.25;1,416.50
Jun 21, 2025 10:00 PM;Jun 21, 2025 11:00 PM;3,927.50;2,311.50;895.25;2,520.00;3.25;106.00;-;6,051.75;3,849.75;4,806.75;4,901.25;1,407.50
Jun 21, 2025 11:00 PM;Jun 22, 2025 12:00 AM;3,922.50;2,210.75;1,311.75;3,712.00;0.00;106.00;-;6,066.00;3,680.25;4,636.25;3,898.50;1,399.75
Jun 22, 2025 12:00 AM;Jun 22, 2025 1:00 AM;3,924.25;2,079.00;1,877.00;5,044.00;0.00;104.00;-;6,068.25;3,487.75;3,624.00;3,421.50;1,437.25
Jun 22, 2025 1:00 AM;Jun 22, 2025 2:00 AM;3,934.25;1,842.75;2,301.50;6,389.00;0.00;104.00;-;5,987.75;3,127.50;3,024.00;2,201.50;1,385.00
Jun 22, 2025 2:00 AM;Jun 22, 2025 3:00 AM;3,947.25;1,924.75;2,493.00;8,033.00;0.00;104.00;-;5,898.50;2,351.50;2,985.75;1,619.50;1,380.50
Jun 22, 2025 3:00 AM;Jun 22, 2025 4:00 AM;3,943.75;1,889.25;2,518.25;9,336.00;0.00;104.00;-;4,966.75;1,174.50;2,678.00;745.50;1,385.25
Jun 22, 2025 4:00 AM;Jun 22, 2025 5:00 AM;3,921.50;1,943.75;2,596.50;9,613.00;9.75;104.00;-;4,611.00;833.75;2,348.25;458.75;1,348.00
Jun 22, 2025 5:00 AM;Jun 22, 2025 6:00 AM;3,893.25;1,790.75;2,572.50;9,758.50;763.25;104.00;-;3,859.00;526.75;2,252.00;162.50;1,363.75
Jun 22, 2025 6:00 AM;Jun 22, 2025 7:00 AM;3,899.50;1,843.50;2,074.50;9,601.25;4,591.25;104.00;-;3,145.25;542.75;2,160.75;337.50;1,379.75
Jun 22, 2025 7:00 AM;Jun 22, 2025 8:00 AM;3,886.00;1,756.50;1,904.75;8,413.25;12,697.75;104.00;-;2,552.50;538.50;2,052.75;114.25;1,382.75
Jun 22, 2025 8:00 AM;Jun 22, 2025 9:00 AM;3,842.50;1,796.75;1,981.75;4,998.00;23,354.75;104.00;-;2,533.00;543.25;1,955.50;107.00;1,375.00
Jun 22, 2025 9:00 AM;Jun 22, 2025 10:00 AM;3,808.25;1,725.50;816.75;2,446.25;31,461.00;104.00;-;2,529.75;542.25;1,568.50;111.25;1,378.50
Jun 22, 2025 10:00 AM;Jun 22, 2025 11:00 AM;3,818.75;1,606.75;734.75;2,250.25;36,915.00;100.00;-;2,411.75;545.25;1,468.75;44.50;1,381.00
Jun 22, 2025 11:00 AM;Jun 22, 2025 12:00 PM;3,813.75;1,316.25;433.75;2,685.75;41,089.75;100.00;-;2,200.50;549.00;1,459.00;1.25;1,380.00
Jun 22, 2025 12:00 PM;Jun 22, 2025 1:00 PM;3,792.25;1,246.75;818.25;3,060.25;43,180.50;98.75;-;2,196.75;548.50;1,447.50;8.50;1,391.00
Jun 22, 2025 1:00 PM;Jun 22, 2025 2:00 PM;3,793.50;1,245.50;743.75;3,232.00;42,886.50;100.75;-;2,188.50;524.50;1,458.75;10.75;1,380.50
Jun 22, 2025 2:00 PM;Jun 22, 2025 3:00 PM;3,747.25;1,265.75;865.25;3,514.00;40,832.75;101.50;-;2,186.00;505.00;1,467.75;16.25;1,367.75
Jun 22, 2025 3:00 PM;Jun 22, 2025 4:00 PM;3,717.50;1,216.25;1,206.75;4,497.00;36,464.75;95.75;-;2,235.25;509.50;1,490.50;6.25;1,342.75
Jun 22, 2025 4:00 PM;Jun 22, 2025 5:00 PM;3,692.75;1,622.25;1,835.75;5,808.75;30,468.50;91.75;-;2,583.50;702.50;1,492.75;104.25;1,362.50
Jun 22, 2025 5:00 PM;Jun 22, 2025 6:00 PM;3,700.50;1,767.00;3,192.75;7,349.25;23,144.00;90.00;-;2,518.00;775.75;1,498.25;162.00;1,387.75
Jun 22, 2025 6:00 PM;Jun 22, 2025 7:00 PM;3,735.25;1,820.50;6,003.25;8,833.50;15,011.25;86.00;-;3,297.75;733.00;1,662.75;796.00;1,393.75
Jun 22, 2025 7:00 PM;Jun 22, 2025 8:00 PM;3,775.50;1,940.00;4,780.75;9,274.75;7,168.25;86.00;-;5,218.00;801.50;2,288.50;4,145.50;1,394.50
Jun 22, 2025 8:00 PM;Jun 22, 2025 9:00 PM;3,820.25;2,151.25;3,782.50;10,434.75;2,370.25;86.00;-;5,441.00;840.50;3,323.75;5,179.25;1,400.00
Jun 22, 2025 9:00 PM;Jun 22, 2025 10:00 PM;3,840.75;1,919.75;3,871.50;11,073.75;174.00;86.00;-;5,449.75;817.25;3,393.50;4,656.25;1,402.25
Jun 22, 2025 10:00 PM;Jun 22, 2025 11:00 PM;3,839.25;2,182.75;3,586.25;11,865.75;2.50;86.00;-;5,446.25;772.50;3,475.75;4,894.75;1,371.50
Jun 22, 2025 11:00 PM;Jun 23, 2025 12:00 AM;3,859.75;2,028.75;4,249.00;14,540.25;0.00;93.25;-;5,439.25;672.50;3,470.25;3,576.75;1,386.25
Jun 23, 2025 12:00 AM;Jun 23, 2025 1:00 AM;3,874.00;1,779.50;4,744.50;15,358.00;0.00;105.00;-;4,639.00;689.00;3,404.25;1,348.25;1,434.00
Jun 23, 2025 1:00 AM;Jun 23, 2025 2:00 AM;3,875.75;1,682.50;4,724.25;15,815.00;0.00;98.00;-;3,433.50;715.00;3,302.50;695.50;1,427.00
Jun 23, 2025 2:00 AM;Jun 23, 2025 3:00 AM;3,876.50;1,784.00;5,468.00;16,186.00;0.00;98.00;-;3,475.75;997.25;3,151.00;93.00;1,421.75
Jun 23, 2025 3:00 AM;Jun 23, 2025 4:00 AM;3,850.75;1,693.50;5,430.00;16,740.75;0.00;98.00;-;2,814.00;1,029.75;3,119.75;66.75;1,431.50
Jun 23, 2025 4:00 AM;Jun 23, 2025 5:00 AM;3,827.50;1,739.75;4,493.50;17,679.50;6.50;98.00;-;2,846.00;941.00;3,074.50;453.25;1,422.50
Jun 23, 2025 5:00 AM;Jun 23, 2025 6:00 AM;3,832.50;1,781.75;4,524.50;18,296.00;617.75;99.00;-;3,050.25;922.25;3,263.75;793.50;1,417.50
Jun 23, 2025 6:00 AM;Jun 23, 2025 7:00 AM;3,854.25;1,829.50;4,173.50;18,753.50;3,333.75;102.00;-;4,445.50;1,532.00;3,762.75;2,201.00;1,418.25
Jun 23, 2025 7:00 AM;Jun 23, 2025 8:00 AM;3,856.25;2,098.25;5,071.75;17,741.50;8,485.25;102.00;-;4,713.00;1,730.50;3,640.75;1,944.00;1,418.00
Jun 23, 2025 8:00 AM;Jun 23, 2025 9:00 AM;3,841.75;1,972.75;5,057.00;20,132.50;16,268.50;102.00;-;3,800.50;1,805.50;3,051.00;565.00;1,414.75
Jun 23, 2025 9:00 AM;Jun 23, 2025 10:00 AM;3,845.00;1,764.50;4,338.75;24,462.25;24,216.50;102.00;-;2,815.75;1,810.00;2,065.75;159.75;1,413.50
Jun 23, 2025 10:00 AM;Jun 23, 2025 11:00 AM;3,832.75;1,865.25;1,796.25;26,552.25;28,905.50;100.00;-;2,641.25;1,416.00;1,952.50;130.00;1,405.25
Jun 23, 2025 11:00 AM;Jun 23, 2025 12:00 PM;3,834.25;1,885.75;1,906.00;28,390.25;31,058.25;94.00;-;2,620.50;1,407.25;1,853.50;128.50;1,367.75
Jun 23, 2025 12:00 PM;Jun 23, 2025 1:00 PM;3,820.00;1,755.50;2,276.50;30,316.75;30,936.00;94.00;-;2,527.50;1,399.75;1,920.00;17.75;1,360.50
Jun 23, 2025 1:00 PM;Jun 23, 2025 2:00 PM;3,816.75;1,715.50;1,608.50;30,516.00;30,126.75;94.00;-;2,526.25;1,536.50;1,994.25;41.50;1,350.50
Jun 23, 2025 2:00 PM;Jun 23, 2025 3:00 PM;3,771.50;1,583.25;919.00;29,979.50;28,264.25;94.00;-;2,525.25;1,690.75;2,081.75;55.25;1,337.00
Jun 23, 2025 3:00 PM;Jun 23, 2025 4:00 PM;3,741.25;1,522.50;682.50;31,763.50;26,245.25;91.00;-;2,520.75;2,113.50;2,267.00;43.50;1,337.75
Jun 23, 2025 4:00 PM;Jun 23, 2025 5:00 PM;3,722.00;1,675.75;627.75;33,271.25;24,116.25;91.00;-;2,476.50;2,486.00;2,474.25;107.00;1,395.75
Jun 23, 2025 5:00 PM;Jun 23, 2025 6:00 PM;3,717.75;1,708.25;946.75;34,375.00;19,559.50;91.00;-;2,499.00;2,681.50;2,590.50;80.25;1,410.75
Jun 23, 2025 6:00 PM;Jun 23, 2025 7:00 PM;3,798.25;1,734.75;821.50;36,823.50;13,805.75;91.75;-;2,748.75;3,393.00;3,229.75;167.00;1,410.50
Jun 23, 2025 7:00 PM;Jun 23, 2025 8:00 PM;3,857.50;1,831.50;2,143.50;35,855.25;7,590.25;94.00;-;3,452.00;3,825.75;4,509.50;445.50;1,419.50
Jun 23, 2025 8:00 PM;Jun 23, 2025 9:00 PM;3,891.75;1,739.25;3,148.00;30,820.75;2,722.25;94.00;-;3,758.00;3,876.50;4,590.25;1,875.75;1,418.25
Jun 23, 2025 9:00 PM;Jun 23, 2025 10:00 PM;3,919.25;2,046.25;3,401.50;26,054.75;242.50;94.00;-;4,678.50;3,870.75;5,538.75;3,672.50;1,421.75
Jun 23, 2025 10:00 PM;Jun 23, 2025 11:00 PM;3,917.75;1,923.25;4,133.75;21,740.00;2.25;94.00;-;4,712.50;3,540.50;5,503.25;4,022.50;1,416.25
Jun 23, 2025 11:00 PM;Jun 24, 2025 12:00 AM;3,901.25;1,715.75;3,944.50;21,629.50;0.00;94.00;-;4,640.25;3,389.25;5,327.50;3,233.25;1,407.00
Jun 24, 2025 12:00 AM;Jun 24, 2025 1:00 AM;3,883.00;1,660.25;4,543.25;20,958.00;0.00;96.00;-;4,212.50;3,126.75;4,495.00;1,081.75;1,430.25
Jun 24, 2025 1:00 AM;Jun 24, 2025 2:00 AM;3,879.00;1,614.75;5,386.75;20,809.25;0.00;93.00;-;3,527.25;2,420.00;4,138.75;521.75;1,413.50
Jun 24, 2025 2:00 AM;Jun 24, 2025 3:00 AM;3,874.00;1,605.75;5,292.75;21,011.75;0.00;92.00;-;3,204.75;2,143.25;3,788.50;122.00;1,419.75
Jun 24, 2025 3:00 AM;Jun 24, 2025 4:00 AM;3,871.50;1,654.75;5,504.25;21,419.25;0.00;92.00;-;3,188.25;1,914.25;3,786.25;78.50;1,416.75
Jun 24, 2025 4:00 AM;Jun 24, 2025 5:00 AM;3,878.00;1,593.50;5,708.75;22,254.75;7.50;92.00;-;3,288.00;1,679.50;3,887.50;43.00;1,433.25
Jun 24, 2025 5:00 AM;Jun 24, 2025 6:00 AM;3,882.50;1,711.25;5,556.50;22,647.25;659.50;92.00;-;3,282.50;1,942.50;4,064.25;367.25;1,424.25
Jun 24, 2025 6:00 AM;Jun 24, 2025 7:00 AM;3,890.25;1,852.50;4,954.25;22,686.00;4,044.50;92.00;-;4,002.25;2,410.25;4,116.25;1,176.75;1,415.50
Jun 24, 2025 7:00 AM;Jun 24, 2025 8:00 AM;3,881.75;1,793.25;3,769.00;21,494.50;10,844.25;91.25;-;4,393.75;2,864.00;4,591.75;1,423.00;1,415.25
Jun 24, 2025 8:00 AM;Jun 24, 2025 9:00 AM;3,838.25;1,824.25;2,838.75;21,343.25;19,574.25;91.00;-;4,324.50;2,448.75;4,133.25;1,312.75;1,402.50
Jun 24, 2025 9:00 AM;Jun 24, 2025 10:00 AM;3,825.50;1,736.25;2,825.25;23,509.00;27,445.50;91.00;-;3,129.25;1,764.75;3,208.75;198.75;1,408.50
Jun 24, 2025 10:00 AM;Jun 24, 2025 11:00 AM;3,791.25;1,798.25;2,017.25;23,308.50;32,807.00;91.00;-;2,777.75;1,430.00;1,957.75;245.50;1,414.00
Jun 24, 2025 11:00 AM;Jun 24, 2025 12:00 PM;3,808.00;1,979.75;2,375.25;23,025.00;35,554.75;91.00;-;2,756.00;1,204.75;1,515.25;154.50;1,410.50
Jun 24, 2025 12:00 PM;Jun 24, 2025 1:00 PM;3,817.50;1,827.50;2,393.25;24,357.75;36,262.75;91.00;-;2,767.75;884.50;1,530.25;58.00;1,390.25
Jun 24, 2025 1:00 PM;Jun 24, 2025 2:00 PM;3,823.25;1,797.25;2,373.25;24,348.50;35,837.75;91.00;-;2,811.00;818.50;1,533.75;72.00;1,403.00
Jun 24, 2025 2:00 PM;Jun 24, 2025 3:00 PM;3,809.25;1,762.00;2,234.25;24,791.25;33,471.00;91.00;-;2,969.75;812.50;1,611.75;128.50;1,409.75
Jun 24, 2025 3:00 PM;Jun 24, 2025 4:00 PM;3,801.75;1,730.25;2,837.75;27,184.75;29,780.75;91.00;-;3,246.00;1,151.75;1,656.25;128.25;1,398.25
Jun 24, 2025 4:00 PM;Jun 24, 2025 5:00 PM;3,782.00;1,721.25;3,641.25;27,267.00;25,453.25;91.00;-;3,234.00;1,233.50;1,816.75;117.75;1,414.25
Jun 24, 2025 5:00 PM;Jun 24, 2025 6:00 PM;3,804.00;1,822.25;5,216.00;29,069.25;19,715.00;91.00;-;3,510.00;1,424.00;2,341.75;146.00;1,422.25
Jun 24, 2025 6:00 PM;Jun 24, 2025 7:00 PM;3,842.75;1,853.75;5,727.75;27,908.75;12,359.00;91.00;-;5,410.50;1,909.25;3,083.50;186.75;1,422.25
Jun 24, 2025 7:00 PM;Jun 24, 2025 8:00 PM;3,893.75;1,862.50;5,375.00;24,964.25;6,254.00;91.00;-;6,820.00;2,668.75;4,184.00;2,095.25;1,412.00
Jun 24, 2025 8:00 PM;Jun 24, 2025 9:00 PM;3,932.75;1,912.25;4,823.25;23,408.50;2,032.50;91.00;-;7,392.25;2,863.25;5,261.75;3,956.50;1,446.25
Jun 24, 2025 9:00 PM;Jun 24, 2025 10:00 PM;3,961.00;1,864.75;4,341.50;23,494.75;151.00;91.00;-;7,585.75;2,995.00;5,422.50;3,876.25;1,413.25
Jun 24, 2025 10:00 PM;Jun 24, 2025 11:00 PM;3,946.75;1,724.25;4,507.25;23,462.50;1.50;91.00;-;7,399.00;2,899.25;5,102.75;3,465.75;1,413.50
Jun 24, 2025 11:00 PM;Jun 25, 2025 12:00 AM;3,931.25;1,726.75;4,127.25;24,947.50;0.00;91.00;-;7,218.25;2,784.00;5,024.50;2,136.25;1,421.75
Jun 25, 2025 12:00 AM;Jun 25, 2025 1:00 AM;3,895.75;1,792.00;3,855.50;24,726.25;0.00;91.00;-;6,690.25;2,760.00;4,378.75;527.50;1,418.50
Jun 25, 2025 1:00 AM;Jun 25, 2025 2:00 AM;3,881.75;1,936.75;3,531.25;23,645.25;0.00;91.00;-;6,334.00;2,699.75;4,200.75;846.75;1,425.00
Jun 25, 2025 2:00 AM;Jun 25, 2025 3:00 AM;3,910.50;1,787.25;3,525.00;22,258.75;0.00;91.00;-;6,624.25;2,461.25;3,376.75;291.25;1,412.25
Jun 25, 2025 3:00 AM;Jun 25, 2025 4:00 AM;3,917.50;2,139.25;3,317.00;21,455.50;0.00;91.00;-;6,691.00;2,110.25;3,291.25;673.50;1,405.25
Jun 25, 2025 4:00 AM;Jun 25, 2025 5:00 AM;3,922.25;1,812.00;3,763.50;21,737.50;5.25;91.00;-;7,340.75;1,799.75;3,112.25;531.75;1,335.00
Jun 25, 2025 5:00 AM;Jun 25, 2025 6:00 AM;3,910.00;1,707.00;4,003.25;21,548.00;550.25;91.00;-;7,561.75;1,470.75;3,049.00;593.25;1,303.50
Jun 25, 2025 6:00 AM;Jun 25, 2025 7:00 AM;3,915.00;1,823.25;4,136.00;20,880.25;3,674.75;91.00;-;7,344.50;1,618.00;3,457.50;1,581.00;1,303.75
Jun 25, 2025 7:00 AM;Jun 25, 2025 8:00 AM;3,895.50;2,044.50;4,060.50;18,578.25;10,200.75;91.00;-;6,521.50;1,765.50;3,848.25;2,785.25;1,299.75
Jun 25, 2025 8:00 AM;Jun 25, 2025 9:00 AM;3,868.00;1,990.25;2,751.50;17,294.25;19,556.00;92.00;-;6,599.00;1,997.50;4,143.50;1,958.50;1,301.00
Jun 25, 2025 9:00 AM;Jun 25, 2025 10:00 AM;3,857.50;1,793.25;1,975.75;17,080.25;28,745.75;93.00;-;5,581.75;1,905.00;3,413.75;157.50;1,351.50
Jun 25, 2025 10:00 AM;Jun 25, 2025 11:00 AM;3,823.50;2,007.00;1,072.50;17,235.50;35,848.50;93.00;-;4,727.25;2,029.50;2,719.00;281.00;1,394.25
Jun 25, 2025 11:00 AM;Jun 25, 2025 12:00 PM;3,810.25;1,777.75;1,286.50;18,375.25;40,914.25;91.50;-;4,157.50;1,900.00;2,132.00;2.00;1,408.75
Jun 25, 2025 12:00 PM;Jun 25, 2025 1:00 PM;3,793.00;1,818.00;908.25;18,819.00;42,243.75;91.00;-;3,941.00;1,747.00;1,940.75;124.00;1,476.25
Jun 25, 2025 1:00 PM;Jun 25, 2025 2:00 PM;3,780.50;1,928.25;679.25;18,826.75;42,141.50;91.00;-;3,789.00;1,723.50;1,920.75;237.25;1,366.75
Jun 25, 2025 2:00 PM;Jun 25, 2025 3:00 PM;3,771.00;1,798.75;551.75;17,725.50;40,883.25;91.00;-;4,541.75;1,731.25;1,952.50;24.75;1,323.25
Jun 25, 2025 3:00 PM;Jun 25, 2025 4:00 PM;3,758.00;1,744.00;519.25;16,354.75;37,283.00;91.00;-;5,700.00;1,933.75;2,054.50;10.25;1,305.75
Jun 25, 2025 4:00 PM;Jun 25, 2025 5:00 PM;3,745.50;1,806.00;300.50;14,220.00;32,032.00;91.00;-;6,973.50;2,597.75;2,315.00;115.50;1,326.00
Jun 25, 2025 5:00 PM;Jun 25, 2025 6:00 PM;3,756.25;1,799.50;612.00;11,838.25;24,936.25;91.00;-;6,869.50;3,725.25;3,505.00;281.50;1,354.00
Jun 25, 2025 6:00 PM;Jun 25, 2025 7:00 PM;3,809.25;1,938.50;580.75;9,390.00;16,372.75;91.00;-;7,612.25;4,385.75;5,963.75;1,511.25;1,383.00
Jun 25, 2025 7:00 PM;Jun 25, 2025 8:00 PM;3,849.00;2,237.75;434.25;6,386.50;8,029.75;91.00;-;8,565.25;4,857.75;7,524.00;3,387.00;1,413.75
Jun 25, 2025 8:00 PM;Jun 25, 2025 9:00 PM;3,879.00;2,205.50;353.00;3,740.25;2,600.00;91.00;-;9,445.75;5,115.00;8,406.25;4,360.00;1,444.25
Jun 25, 2025 9:00 PM;Jun 25, 2025 10:00 PM;3,863.00;2,420.00;272.50;2,492.50;259.00;91.50;-;9,848.50;5,331.25;8,926.50;4,872.75;1,519.75
Jun 25, 2025 10:00 PM;Jun 25, 2025 11:00 PM;3,862.00;2,182.25;234.00;2,350.00;4.25;92.00;-;9,968.75;5,553.50;8,791.00;3,893.00;1,434.25
Jun 25, 2025 11:00 PM;Jun 26, 2025 12:00 AM;3,845.75;2,207.00;279.00;2,497.75;0.00;92.00;-;9,903.50;5,241.50;8,157.25;3,427.25;1,408.25
Jun 26, 2025 12:00 AM;Jun 26, 2025 1:00 AM;3,840.25;2,172.75;326.75;2,696.75;0.00;91.00;-;9,397.50;4,596.75;7,672.50;1,757.75;1,433.25
Jun 26, 2025 1:00 AM;Jun 26, 2025 2:00 AM;3,835.50;2,213.50;422.00;3,290.00;0.00;93.00;-;9,378.25;4,331.00;7,587.25;924.25;1,366.25
Jun 26, 2025 2:00 AM;Jun 26, 2025 3:00 AM;3,841.25;1,714.75;693.75;4,541.25;0.00;93.00;-;9,443.00;4,029.00;6,755.00;263.50;1,350.75
Jun 26, 2025 3:00 AM;Jun 26, 2025 4:00 AM;3,861.50;1,800.00;707.25;7,368.50;0.00;93.00;-;9,430.50;3,963.25;5,442.50;254.75;1,372.00
Jun 26, 2025 4:00 AM;Jun 26, 2025 5:00 AM;3,867.00;1,789.25;777.25;7,842.25;11.25;93.00;-;9,346.25;3,894.00;5,349.50;391.00;1,377.25
Jun 26, 2025 5:00 AM;Jun 26, 2025 6:00 AM;3,866.25;1,941.25;852.50;8,477.75;702.00;93.00;-;9,362.50;4,205.00;5,483.00;565.25;1,359.00
Jun 26, 2025 6:00 AM;Jun 26, 2025 7:00 AM;3,880.50;2,187.75;1,066.75;8,558.75;3,548.00;91.50;-;9,316.00;4,313.00;5,661.50;1,712.25;1,341.25
Jun 26, 2025 7:00 AM;Jun 26, 2025 8:00 AM;3,873.25;2,298.50;1,414.75;7,452.25;8,773.00;91.00;-;9,310.00;4,313.75;5,672.75;2,831.00;1,347.00
Jun 26, 2025 8:00 AM;Jun 26, 2025 9:00 AM;3,852.00;2,244.75;1,959.00;6,560.50;15,656.00;91.00;-;9,312.00;4,304.00;5,517.75;1,413.50;1,344.50
Jun 26, 2025 9:00 AM;Jun 26, 2025 10:00 AM;3,830.50;2,140.00;1,618.25;7,405.00;22,583.75;91.00;-;8,783.75;3,870.00;3,771.75;572.25;1,340.25
Jun 26, 2025 10:00 AM;Jun 26, 2025 11:00 AM;3,781.25;2,219.25;940.25;8,667.75;27,141.50;91.00;-;7,627.00;2,645.75;3,093.00;900.50;1,326.25
Jun 26, 2025 11:00 AM;Jun 26, 2025 12:00 PM;3,762.50;2,124.00;682.00;9,957.75;31,028.00;91.00;-;7,175.00;1,679.25;2,634.75;286.00;1,285.50
Jun 26, 2025 12:00 PM;Jun 26, 2025 1:00 PM;3,712.25;1,869.50;462.00;10,794.25;34,343.25;91.00;-;5,429.25;1,335.25;2,322.25;29.50;1,313.75
Jun 26, 2025 1:00 PM;Jun 26, 2025 2:00 PM;3,704.50;1,942.75;520.00;11,779.75;34,203.50;91.00;-;4,367.50;1,234.75;2,253.00;5.50;1,288.25
Jun 26, 2025 2:00 PM;Jun 26, 2025 3:00 PM;3,774.00;1,926.50;770.50;14,464.50;31,804.00;91.00;-;4,810.75;1,172.25;2,033.00;5.50;1,242.00
Jun 26, 2025 3:00 PM;Jun 26, 2025 4:00 PM;3,800.00;1,948.75;1,430.00;18,460.50;27,323.00;91.00;-;4,265.50;1,315.75;1,830.25;15.25;1,244.00
Jun 26, 2025 4:00 PM;Jun 26, 2025 5:00 PM;3,770.50;1,909.25;1,638.00;21,537.25;21,361.25;91.00;-;4,677.75;1,312.50;1,776.00;19.75;1,227.50
Jun 26, 2025 5:00 PM;Jun 26, 2025 6:00 PM;3,686.50;1,813.00;2,852.50;23,391.00;16,070.50;91.00;-;5,671.75;1,241.25;1,920.25;23.00;1,270.00
Jun 26, 2025 6:00 PM;Jun 26, 2025 7:00 PM;3,750.75;2,011.75;4,083.25;26,056.75;9,906.00;91.00;-;6,833.50;1,616.25;2,256.25;294.25;1,328.00
Jun 26, 2025 7:00 PM;Jun 26, 2025 8:00 PM;3,810.75;1,980.00;4,446.00;25,647.25;5,496.75;91.00;-;6,910.50;2,069.75;2,636.75;936.50;1,335.25
Jun 26, 2025 8:00 PM;Jun 26, 2025 9:00 PM;3,839.75;2,035.25;4,921.50;24,218.00;2,040.75;91.00;-;7,412.75;2,428.50;2,814.25;2,288.50;1,324.50
Jun 26, 2025 9:00 PM;Jun 26, 2025 10:00 PM;3,858.75;2,041.75;5,501.00;22,930.50;166.75;94.00;-;7,639.50;2,834.75;2,771.25;2,229.75;1,314.00
Jun 26, 2025 10:00 PM;Jun 26, 2025 11:00 PM;3,858.75;2,090.00;5,684.00;22,574.50;1.25;95.00;-;7,894.50;2,559.00;2,915.50;2,493.25;1,344.75
Jun 26, 2025 11:00 PM;Jun 27, 2025 12:00 AM;3,841.00;2,119.75;5,697.25;22,384.75;0.00;95.00;-;7,367.25;2,054.00;3,122.75;1,072.50;1,338.00
Jun 27, 2025 12:00 AM;Jun 27, 2025 1:00 AM;3,815.50;2,174.25;6,385.00;22,003.25;0.00;91.00;-;8,224.25;1,756.75;3,586.25;491.75;1,448.50
Jun 27, 2025 1:00 AM;Jun 27, 2025 2:00 AM;3,810.00;2,026.00;5,976.25;21,986.25;0.00;94.00;-;8,513.00;1,467.50;3,455.00;103.00;1,387.25
Jun 27, 2025 2:00 AM;Jun 27, 2025 3:00 AM;3,822.00;2,001.50;5,532.00;21,939.25;0.00;94.00;-;8,585.00;1,404.75;3,212.00;25.00;1,408.25
Jun 27, 2025 3:00 AM;Jun 27, 2025 4:00 AM;3,857.75;1,981.50;5,248.00;20,989.50;0.00;94.00;-;8,806.00;1,397.75;3,324.25;9.50;1,432.75
Jun 27, 2025 4:00 AM;Jun 27, 2025 5:00 AM;3,863.50;2,018.75;5,334.00;20,203.25;6.00;94.00;-;8,724.50;1,506.50;3,322.50;58.50;1,412.00
Jun 27, 2025 5:00 AM;Jun 27, 2025 6:00 AM;3,848.50;2,058.75;5,021.50;19,741.50;535.75;94.00;-;8,837.50;2,058.75;3,372.50;174.25;1,392.25
Jun 27, 2025 6:00 AM;Jun 27, 2025 7:00 AM;3,871.50;2,032.00;4,526.75;19,234.50;3,245.75;94.00;-;8,224.00;2,916.00;4,127.75;1,202.50;1,396.75
Jun 27, 2025 7:00 AM;Jun 27, 2025 8:00 AM;3,887.75;2,135.50;3,498.00;19,651.00;7,706.00;94.00;-;7,966.50;3,587.75;4,900.00;2,192.25;1,375.75
Jun 27, 2025 8:00 AM;Jun 27, 2025 9:00 AM;3,882.50;2,113.00;2,664.00;20,130.25;12,811.00;93.25;-;7,530.25;4,008.25;5,103.50;1,874.25;1,404.50
Jun 27, 2025 9:00 AM;Jun 27, 2025 10:00 AM;3,836.75;2,051.00;3,239.25;19,887.75;17,564.50;91.00;-;7,192.75;3,946.75;4,461.00;731.25;1,393.75
Jun 27, 2025 10:00 AM;Jun 27, 2025 11:00 AM;3,812.75;2,113.25;2,695.75;19,332.25;20,724.50;91.00;-;6,418.75;3,613.00;3,950.25;162.75;1,415.75
Jun 27, 2025 11:00 AM;Jun 27, 2025 12:00 PM;3,834.50;2,116.00;3,013.50;18,736.25;21,927.75;91.00;-;6,518.75;2,972.00;3,471.50;48.50;1,424.25
Jun 27, 2025 12:00 PM;Jun 27, 2025 1:00 PM;3,843.25;2,041.25;2,675.50;18,498.00;21,853.50;92.00;-;6,278.75;2,623.50;3,064.75;189.00;1,417.00
Jun 27, 2025 1:00 PM;Jun 27, 2025 2:00 PM;3,870.25;2,003.25;2,636.50;16,839.00;23,640.75;93.00;-;5,949.00;2,343.75;2,536.75;192.75;1,436.75
Jun 27, 2025 2:00 PM;Jun 27, 2025 3:00 PM;3,884.00;2,089.75;2,779.50;14,369.00;24,689.50;93.00;-;6,119.50;2,444.25;2,384.25;219.00;1,396.75
Jun 27, 2025 3:00 PM;Jun 27, 2025 4:00 PM;3,880.50;2,022.25;3,402.50;14,417.25;24,382.50;93.00;-;6,277.75;2,077.50;2,331.00;65.75;1,395.25
Jun 27, 2025 4:00 PM;Jun 27, 2025 5:00 PM;3,843.25;1,970.75;3,471.00;14,055.25;21,732.25;93.00;-;5,597.25;1,738.25;2,205.50;6.25;1,408.00
Jun 27, 2025 5:00 PM;Jun 27, 2025 6:00 PM;3,814.50;2,054.00;3,620.00;13,617.00;16,738.25;93.00;-;5,865.25;1,797.25;2,429.25;171.00;1,432.50
Jun 27, 2025 6:00 PM;Jun 27, 2025 7:00 PM;3,827.50;1,900.00;3,806.00;12,300.50;11,429.25;93.00;-;7,718.25;2,158.75;3,026.50;932.50;1,439.25
Jun 27, 2025 7:00 PM;Jun 27, 2025 8:00 PM;3,854.25;2,069.50;3,828.00;9,566.00;6,198.50;93.00;-;8,279.00;2,784.50;3,790.50;1,872.75;1,432.75
Jun 27, 2025 8:00 PM;Jun 27, 2025 9:00 PM;3,891.00;2,132.25;4,291.00;6,754.50;2,230.50;93.00;-;8,386.25;2,962.00;3,962.50;3,084.25;1,449.50
Jun 27, 2025 9:00 PM;Jun 27, 2025 10:00 PM;3,908.00;2,038.75;4,196.50;5,221.25;239.50;93.00;-;8,429.00;2,681.50;4,057.00;3,676.25;1,438.25
Jun 27, 2025 10:00 PM;Jun 27, 2025 11:00 PM;3,922.00;1,879.25;4,409.75;5,714.00;4.25;93.00;-;8,388.25;2,457.25;4,058.50;3,628.25;1,425.25
Jun 27, 2025 11:00 PM;Jun 28, 2025 12:00 AM;3,915.00;1,863.25;4,860.75;8,517.25;0.00;93.00;-;7,996.00;2,160.25;3,960.00;2,682.75;1,432.50
Jun 28, 2025 12:00 AM;Jun 28, 2025 1:00 AM;3,899.00;1,828.25;5,624.50;10,361.75;0.00;92.00;-;7,158.00;1,778.75;3,501.50;1,483.00;1,497.25
Jun 28, 2025 1:00 AM;Jun 28, 2025 2:00 AM;3,850.75;1,787.25;6,218.75;11,098.50;0.00;95.00;-;6,251.50;1,294.25;3,529.75;1,262.75;1,457.50
Jun 28, 2025 2:00 AM;Jun 28, 2025 3:00 AM;3,814.75;1,769.25;6,594.00;12,002.00;0.00;95.00;-;5,769.25;1,202.25;3,333.50;742.25;1,471.25
Jun 28, 2025 3:00 AM;Jun 28, 2025 4:00 AM;3,817.75;1,710.50;6,386.25;13,120.25;0.00;95.00;-;5,424.25;1,103.00;3,020.75;378.75;1,471.00
Jun 28, 2025 4:00 AM;Jun 28, 2025 5:00 AM;3,813.00;1,706.50;5,769.25;13,809.25;3.75;95.00;-;4,917.25;1,395.75;2,965.25;284.75;1,463.25
Jun 28, 2025 5:00 AM;Jun 28, 2025 6:00 AM;3,798.25;1,662.00;5,336.00;14,131.75;616.25;95.00;-;4,005.00;1,425.75;2,841.75;991.25;1,461.00
Jun 28, 2025 6:00 AM;Jun 28, 2025 7:00 AM;3,831.25;1,778.25;5,362.75;13,120.25;3,915.25;95.00;-;3,674.00;1,368.75;2,798.00;856.75;1,456.25
Jun 28, 2025 7:00 AM;Jun 28, 2025 8:00 AM;3,825.25;1,712.00;5,415.25;11,175.75;11,036.50;95.00;-;3,566.75;1,358.00;2,221.75;397.00;1,454.50
Jun 28, 2025 8:00 AM;Jun 28, 2025 9:00 AM;3,797.75;1,724.00;5,258.00;10,263.50;20,752.50;95.00;-;3,019.00;804.75;1,716.50;71.25;1,449.25
Jun 28, 2025 9:00 AM;Jun 28, 2025 10:00 AM;3,779.00;1,706.00;4,776.00;10,965.25;29,594.00;95.00;-;2,853.75;386.75;1,624.50;107.75;1,449.00
Jun 28, 2025 10:00 AM;Jun 28, 2025 11:00 AM;3,754.50;1,669.00;4,267.75;11,138.25;36,206.00;95.00;-;2,811.25;416.25;1,626.75;20.00;1,396.50
Jun 28, 2025 11:00 AM;Jun 28, 2025 12:00 PM;3,745.25;1,625.00;2,166.50;10,891.00;38,804.75;95.00;-;2,799.25;425.00;1,628.00;23.75;1,393.00
Jun 28, 2025 12:00 PM;Jun 28, 2025 1:00 PM;3,731.25;1,624.75;2,013.00;11,662.50;39,388.25;95.00;-;2,650.75;424.75;1,597.50;3.25;1,394.25
Jun 28, 2025 1:00 PM;Jun 28, 2025 2:00 PM;3,752.00;1,622.00;1,745.25;11,802.75;38,604.75;95.00;-;2,646.25;430.25;1,587.00;11.00;1,389.00
Jun 28, 2025 2:00 PM;Jun 28, 2025 3:00 PM;3,740.00;1,597.25;1,922.25;11,694.00;36,614.00;95.00;-;2,650.00;429.25;1,566.25;0.50;1,360.00
Jun 28, 2025 3:00 PM;Jun 28, 2025 4:00 PM;3,713.00;1,583.00;1,925.25;12,565.50;33,498.50;95.00;-;2,704.50;412.50;1,558.50;1.50;1,289.00
Jun 28, 2025 4:00 PM;Jun 28, 2025 5:00 PM;3,711.25;1,603.50;2,204.50;13,263.50;28,389.75;95.00;-;2,686.50;384.00;1,640.00;8.50;1,313.50
Jun 28, 2025 5:00 PM;Jun 28, 2025 6:00 PM;3,692.75;1,660.75;5,381.00;14,505.00;23,133.00;95.00;-;2,726.75;414.00;1,913.75;150.00;1,376.75
Jun 28, 2025 6:00 PM;Jun 28, 2025 7:00 PM;3,719.50;1,657.00;6,620.00;15,155.00;15,070.50;95.00;-;2,991.50;702.25;2,362.00;221.75;1,387.00
Jun 28, 2025 7:00 PM;Jun 28, 2025 8:00 PM;3,773.00;1,693.75;6,577.25;13,834.25;7,059.25;95.00;-;4,244.75;902.50;3,426.00;1,996.50;1,429.25
Jun 28, 2025 8:00 PM;Jun 28, 2025 9:00 PM;3,806.50;1,728.50;6,291.75;11,708.75;2,304.00;95.00;-;4,866.00;1,071.75;3,986.25;3,885.00;1,442.75
Jun 28, 2025 9:00 PM;Jun 28, 2025 10:00 PM;3,833.00;1,687.25;5,966.00;10,544.25;211.00;95.00;-;5,248.25;1,095.50;4,054.25;4,140.50;1,446.00
Jun 28, 2025 10:00 PM;Jun 28, 2025 11:00 PM;3,838.00;1,661.00;6,126.25;9,567.50;1.25;95.00;-;5,374.75;966.25;4,081.75;4,101.00;1,449.75
Jun 28, 2025 11:00 PM;Jun 29, 2025 12:00 AM;3,825.25;1,643.50;5,989.50;9,979.00;0.00;95.00;-;5,425.50;762.00;3,767.25;3,333.00;1,458.00
Jun 29, 2025 12:00 AM;Jun 29, 2025 1:00 AM;3,827.50;1,609.25;6,549.75;10,313.25;0.00;94.00;-;5,341.50;426.75;3,724.75;2,344.50;1,494.50
Jun 29, 2025 1:00 AM;Jun 29, 2025 2:00 AM;3,821.50;1,599.00;5,917.75;10,975.00;0.00;94.00;-;5,260.50;394.75;3,479.25;1,115.00;1,474.00
Jun 29, 2025 2:00 AM;Jun 29, 2025 3:00 AM;3,830.75;1,592.75;6,116.25;11,511.50;0.00;94.00;-;5,167.00;401.50;3,184.00;373.75;1,486.25
Jun 29, 2025 3:00 AM;Jun 29, 2025 4:00 AM;3,810.50;1,598.75;5,304.00;11,751.25;0.00;94.00;-;4,857.50;401.00;2,944.00;297.00;1,490.25
Jun 29, 2025 4:00 AM;Jun 29, 2025 5:00 AM;3,798.00;1,609.00;4,634.50;11,496.00;4.75;94.00;-;4,870.00;398.50;3,060.50;290.00;1,479.50
Jun 29, 2025 5:00 AM;Jun 29, 2025 6:00 AM;3,808.50;1,483.75;4,259.00;10,951.00;564.25;94.00;-;4,845.00;398.75;2,584.25;470.25;1,471.00
Jun 29, 2025 6:00 AM;Jun 29, 2025 7:00 AM;3,843.75;1,418.75;3,494.25;9,085.75;3,651.00;94.00;-;4,029.75;395.75;2,529.50;331.75;1,467.75
Jun 29, 2025 7:00 AM;Jun 29, 2025 8:00 AM;3,843.50;1,444.00;2,722.75;6,653.50;10,727.75;94.00;-;3,676.75;406.75;2,375.75;421.25;1,473.50
Jun 29, 2025 8:00 AM;Jun 29, 2025 9:00 AM;3,798.25;1,456.25;2,362.50;6,469.50;20,540.50;94.00;-;3,172.50;424.00;1,772.50;124.25;1,419.25
Jun 29, 2025 9:00 AM;Jun 29, 2025 10:00 AM;3,725.50;1,476.50;1,110.00;6,905.50;29,292.00;94.00;-;3,251.00;409.75;1,653.25;44.50;1,388.25
Jun 29, 2025 10:00 AM;Jun 29, 2025 11:00 AM;3,715.25;1,421.75;1,178.25;6,626.50;36,092.75;94.00;-;2,994.75;399.25;1,500.00;25.00;1,302.25
Jun 29, 2025 11:00 AM;Jun 29, 2025 12:00 PM;3,739.25;1,418.25;84.00;7,692.25;39,119.00;91.00;-;2,824.00;401.25;1,554.25;150.25;1,278.25
Jun 29, 2025 12:00 PM;Jun 29, 2025 1:00 PM;3,748.50;1,417.75;385.00;8,541.00;39,840.50;91.00;-;2,801.50;415.50;1,477.00;0.75;1,272.75
Jun 29, 2025 1:00 PM;Jun 29, 2025 2:00 PM;3,753.00;1,517.50;359.75;9,722.00;39,981.25;94.00;-;2,790.00;397.75;1,483.50;35.75;1,273.00
Jun 29, 2025 2:00 PM;Jun 29, 2025 3:00 PM;3,736.50;1,482.75;371.75;10,824.00;38,703.75;94.00;-;2,785.00;417.00;1,500.50;27.75;1,257.00
Jun 29, 2025 3:00 PM;Jun 29, 2025 4:00 PM;3,693.75;1,457.75;981.25;11,770.50;35,954.25;94.00;-;2,798.00;398.50;1,486.50;4.25;1,267.50
Jun 29, 2025 4:00 PM;Jun 29, 2025 5:00 PM;3,694.75;1,517.50;1,030.50;11,865.25;31,488.00;94.00;-;2,777.25;661.50;1,517.00;65.75;1,326.50
Jun 29, 2025 5:00 PM;Jun 29, 2025 6:00 PM;3,693.75;1,525.75;2,229.25;13,436.75;26,257.25;94.00;-;2,837.75;841.25;1,678.25;147.00;1,443.00
Jun 29, 2025 6:00 PM;Jun 29, 2025 7:00 PM;3,778.00;1,663.50;2,093.00;16,299.25;17,727.75;94.00;-;4,340.25;1,318.25;2,271.00;276.00;1,450.50
Jun 29, 2025 7:00 PM;Jun 29, 2025 8:00 PM;3,826.75;1,829.00;1,939.00;15,513.75;8,285.00;94.00;-;6,663.50;1,994.25;3,370.75;1,283.50;1,468.75
Jun 29, 2025 8:00 PM;Jun 29, 2025 9:00 PM;3,866.50;1,817.00;1,857.25;13,090.00;2,776.00;94.00;-;8,293.00;2,714.00;4,144.50;3,460.50;1,469.75
Jun 29, 2025 9:00 PM;Jun 29, 2025 10:00 PM;3,879.50;1,789.75;1,774.00;11,981.50;304.50;94.00;-;8,767.00;2,948.50;4,458.00;3,900.75;1,468.00
Jun 29, 2025 10:00 PM;Jun 29, 2025 11:00 PM;3,900.25;1,724.50;1,839.75;11,935.25;4.00;94.00;-;8,869.75;2,991.00;4,643.00;3,643.75;1,464.75
Jun 29, 2025 11:00 PM;Jun 30, 2025 12:00 AM;3,902.00;1,665.75;1,789.00;11,805.25;0.00;94.00;-;8,968.50;2,452.25;4,608.50;1,155.00;1,461.75
Jun 30, 2025 12:00 AM;Jun 30, 2025 1:00 AM;3,887.00;1,673.75;1,783.00;10,833.50;0.00;94.00;-;8,993.00;2,226.00;4,472.75;777.00;1,495.00
Jun 30, 2025 1:00 AM;Jun 30, 2025 2:00 AM;3,869.25;1,486.25;1,790.25;9,774.25;0.00;94.00;-;8,705.75;1,958.75;4,335.75;143.25;1,466.50
Jun 30, 2025 2:00 AM;Jun 30, 2025 3:00 AM;3,871.25;1,519.25;1,674.25;8,728.50;0.00;95.50;-;8,585.00;1,795.25;4,148.75;238.50;1,435.50
Jun 30, 2025 3:00 AM;Jun 30, 2025 4:00 AM;3,874.00;1,471.25;1,483.50;8,117.50;0.00;96.00;-;8,585.25;1,700.75;4,188.50;146.00;1,370.75
Jun 30, 2025 4:00 AM;Jun 30, 2025 5:00 AM;3,863.75;1,547.25;1,376.75;7,966.00;7.00;96.00;-;8,654.00;1,920.00;4,319.50;211.75;1,335.25
Jun 30, 2025 5:00 AM;Jun 30, 2025 6:00 AM;3,852.75;1,624.50;1,334.00;7,340.25;652.50;96.00;-;8,945.50;2,226.25;4,365.75;356.00;1,294.00
Jun 30, 2025 6:00 AM;Jun 30, 2025 7:00 AM;3,859.25;1,642.75;1,293.50;5,983.75;4,326.50;96.00;-;8,864.00;2,650.50;4,483.75;2,310.00;1,281.50
Jun 30, 2025 7:00 AM;Jun 30, 2025 8:00 AM;3,864.00;1,713.00;1,164.75;3,692.50;12,131.25;95.25;-;8,609.75;2,854.00;4,486.50;3,304.25;1,273.75
Jun 30, 2025 8:00 AM;Jun 30, 2025 9:00 AM;3,853.00;1,717.25;1,072.50;2,425.25;22,974.25;93.00;-;8,151.75;2,892.25;4,332.00;1,588.25;1,304.25
Jun 30, 2025 9:00 AM;Jun 30, 2025 10:00 AM;3,856.75;1,712.25;856.75;1,763.75;33,786.00;93.00;-;7,240.75;2,237.75;3,805.00;510.50;1,341.25
Jun 30, 2025 10:00 AM;Jun 30, 2025 11:00 AM;3,846.75;1,785.75;428.00;1,494.25;41,163.75;93.00;-;6,370.25;2,025.25;2,949.50;327.50;1,365.00
Jun 30, 2025 11:00 AM;Jun 30, 2025 12:00 PM;3,840.25;1,722.00;156.00;1,453.75;46,567.25;92.00;-;6,114.75;2,106.50;2,318.25;62.25;1,426.00
Jun 30, 2025 12:00 PM;Jun 30, 2025 1:00 PM;3,827.75;1,604.00;170.50;1,472.75;49,581.00;91.00;-;5,728.00;1,881.25;2,289.50;205.00;1,399.75
Jun 30, 2025 1:00 PM;Jun 30, 2025 2:00 PM;3,824.75;1,587.50;59.00;1,528.75;50,232.25;91.00;-;5,669.50;1,972.00;2,306.25;195.50;1,329.00
Jun 30, 2025 2:00 PM;Jun 30, 2025 3:00 PM;3,788.00;1,594.75;94.75;1,577.75;48,331.75;91.00;-;5,771.25;2,331.00;2,401.50;227.00;1,219.75
Jun 30, 2025 3:00 PM;Jun 30, 2025 4:00 PM;3,756.50;1,587.25;541.25;1,605.75;44,289.75;91.50;-;5,731.00;2,113.75;2,505.50;297.00;1,205.50
Jun 30, 2025 4:00 PM;Jun 30, 2025 5:00 PM;3,720.50;1,599.50;412.25;1,614.25;38,090.50;93.00;-;6,674.50;2,467.25;3,285.50;215.00;1,209.25
Jun 30, 2025 5:00 PM;Jun 30, 2025 6:00 PM;3,723.00;1,646.75;749.75;1,578.75;29,355.00;93.00;-;8,275.00;3,276.00;5,123.00;276.75;1,196.00
Jun 30, 2025 6:00 PM;Jun 30, 2025 7:00 PM;3,805.00;1,978.00;847.75;1,664.00;18,612.00;93.00;-;9,449.00;4,029.75;8,056.25;2,117.00;1,207.75
Jun 30, 2025 7:00 PM;Jun 30, 2025 8:00 PM;3,856.75;2,300.75;971.00;2,131.50;8,842.25;93.00;-;9,718.50;4,195.50;9,396.00;4,451.25;1,312.75
Jun 30, 2025 8:00 PM;Jun 30, 2025 9:00 PM;3,888.00;2,317.50;1,107.00;3,113.75;2,787.25;93.00;-;9,782.75;4,331.75;9,818.75;5,401.50;1,429.75
Jun 30, 2025 9:00 PM;Jun 30, 2025 10:00 PM;3,893.00;2,176.00;1,330.25;5,244.50;264.75;93.00;-;9,784.75;4,337.25;9,961.75;4,857.75;1,458.00
Jun 30, 2025 10:00 PM;Jun 30, 2025 11:00 PM;3,900.25;2,098.50;1,616.75;7,460.50;4.50;93.00;-;9,789.50;4,350.50;9,778.75;3,877.25;1,437.75
Jun 30, 2025 11:00 PM;Jul 1, 2025 12:00 AM;3,882.75;2,044.50;2,001.25;9,855.25;0.00;93.00;-;9,767.75;4,212.25;9,069.25;2,215.00;1,314.50
